index,dna_biosample,sequence_data_type,ampliconlibrary_quantification_ng.ul,plate_ID,well_location,sample_or_blank,sample_spiked_blank,spiked_volume,swab_presence,MK_spike,Sequencer,sample_name.y,animal_biosample,DNA_data_type,sample_type,dna_experiment_date,dna_extraction_success,Basidiobolus_present,Ct_value,copy_number,DNA.QC.ng.ul.fluorometer,DNA.QC.A260.280,qualitative_visualization.1_5.scale,culture_biosample,sample_name,becky_hardman_id,bh_id_prefix,zoo_nashville_id,pit,tank_number,hatch_date,sex,weight,total_length,terbinafine,river.water,diet_crayfish,last_crayfish_feeding,dataset,env_broad_scale,env_medium,storage_medium,host_pooped,host_taxon,host_genus,host_species,svl,animal_type,animal_ecomode,collection_date,state,county,ecoregion_III,ecoregion_IV,site,gps_n,gps_w,walker_wash_swab_protocol,data_type,collector,notes_host,notes_lab
UHM2140_34589,34388,16S_amplicon,37,UHM_Hellbender_P2_CEC,E8,sample,sample,1,1,1,NA,UHM2140,27450,DNA,cloacal swab,6/24/2024,NA,NA,NA,NA,NA,NA,NA,27450,UHM2140,,,NA,,NA,,,NA,23.5,NA,NA,NA,,uhm,wild,cloaca swab,dry,N,Cryptobranchus alleganiensis,Cryptobranchus,alleganiensis,NA,salamander,Aquatic,5/2/2024,TN,polk,Blue Ridge Mountains,NA,Hiwassee River Picnic Area,35.22,-84.52,0,metadata,Chloe Cummins,,
UHM2141_34590,34389,16S_amplicon,59,UHM_Hellbender_P2_CEC,F8,sample,sample,1,1,1,NA,UHM2141,27453,DNA,cloacal swab,6/24/2024,NA,NA,NA,NA,NA,NA,NA,27453,UHM2141,,,NA,,NA,,,NA,28.7,NA,NA,NA,,uhm,wild,cloaca swab,dry,N,Cryptobranchus alleganiensis,Cryptobranchus,alleganiensis,NA,salamander,Aquatic,5/2/2024,TN,polk,Blue Ridge Mountains,NA,Hiwassee River Picnic Area,35.22,-84.52,0,metadata,Chloe Cummins,,
UHM2142_34591,34390,16S_amplicon,68,UHM_Hellbender_P2_CEC,G8,sample,sample,1,1,1,NA,UHM2142,27456,DNA,cloacal swab,6/24/2024,NA,NA,NA,NA,NA,NA,NA,27456,UHM2142,,,NA,,NA,,,NA,21.2,NA,NA,NA,,uhm,wild,cloaca swab,dry,N,Cryptobranchus alleganiensis,Cryptobranchus,alleganiensis,NA,salamander,Aquatic,5/2/2024,TN,polk,Blue Ridge Mountains,NA,Hiwassee River Picnic Area,35.22,-84.52,0,metadata,Chloe Cummins,,
UHM2143_34592,34391,16S_amplicon,57,UHM_Hellbender_P2_CEC,H8,sample,sample,1,1,1,NA,UHM2143,27459,DNA,cloacal swab,6/24/2024,NA,NA,NA,NA,NA,NA,NA,27459,UHM2143,,,NA,,NA,,,NA,24.4,NA,NA,NA,,uhm,wild,cloaca swab,dry,N,Cryptobranchus alleganiensis,Cryptobranchus,alleganiensis,NA,salamander,Aquatic,5/2/2024,TN,polk,Blue Ridge Mountains,NA,Hiwassee River Picnic Area,35.22,-84.52,0,metadata,Chloe Cummins,,
UHM2144_34593,34392,16S_amplicon,40,UHM_Hellbender_P2_CEC,A9,sample,sample,1,1,1,NA,UHM2144,27462,DNA,cloacal swab,6/24/2024,NA,NA,NA,NA,NA,NA,NA,27462,UHM2144,,,NA,,NA,,,NA,30.3,NA,NA,NA,,uhm,wild,cloaca swab,dry,N,Cryptobranchus alleganiensis,Cryptobranchus,alleganiensis,NA,salamander,Aquatic,5/2/2024,TN,polk,Blue Ridge Mountains,NA,Hiwassee River Picnic Area,35.22,-84.52,0,metadata,Chloe Cummins,,
UHM2145_34594,34393,16S_amplicon,66,UHM_Hellbender_P2_CEC,B9,sample,sample,1,1,1,NA,UHM2145,27465,DNA,cloacal swab,6/24/2024,NA,NA,NA,NA,NA,NA,NA,27465,UHM2145,,,NA,,NA,,,NA,28.8,NA,NA,NA,,uhm,wild,cloaca swab,dry,N,Cryptobranchus alleganiensis,Cryptobranchus,alleganiensis,NA,salamander,Aquatic,5/2/2024,TN,polk,Blue Ridge Mountains,NA,Hiwassee River Picnic Area,35.22,-84.52,0,metadata,Chloe Cummins,,
UHM2146_34595,34394,16S_amplicon,60,UHM_Hellbender_P2_CEC,C9,sample,sample,1,1,1,NA,UHM2146,27468,DNA,cloacal swab,6/24/2024,NA,NA,NA,NA,NA,NA,NA,27468,UHM2146,,,NA,,NA,,,NA,25.7,NA,NA,NA,,uhm,wild,cloaca swab,dry,N,Cryptobranchus alleganiensis,Cryptobranchus,alleganiensis,NA,salamander,Aquatic,5/2/2024,TN,polk,Blue Ridge Mountains,NA,Hiwassee River Picnic Area,35.22,-84.52,0,metadata,Chloe Cummins,,
UHM2147_34596,34395,16S_amplicon,67,UHM_Hellbender_P2_CEC,D9,sample,sample,1,1,1,NA,UHM2147,27471,DNA,cloacal swab,6/24/2024,NA,NA,NA,NA,NA,NA,NA,27471,UHM2147,,,NA,,NA,,,NA,37.2,NA,NA,NA,,uhm,wild,cloaca swab,dry,N,Cryptobranchus alleganiensis,Cryptobranchus,alleganiensis,NA,salamander,Aquatic,5/3/2024,TN,polk,Blue Ridge Mountains,NA,Hiwassee River Picnic Area,35.22,-84.52,0,metadata,Chloe Cummins,,
UHM2148_34597,34396,16S_amplicon,52,UHM_Hellbender_P2_CEC,E9,sample,sample,1,1,1,NA,UHM2148,27474,DNA,cloacal swab,6/24/2024,NA,NA,NA,NA,NA,NA,NA,27474,UHM2148,,,NA,,NA,,,NA,30,NA,NA,NA,,uhm,wild,cloaca swab,dry,N,Cryptobranchus alleganiensis,Cryptobranchus,alleganiensis,NA,salamander,Aquatic,5/3/2024,TN,polk,Blue Ridge Mountains,NA,Hiwassee River Picnic Area,35.22,-84.52,0,metadata,Chloe Cummins,,
UHM2149_34598,34397,16S_amplicon,74,UHM_Hellbender_P2_CEC,F9,sample,sample,1,1,1,NA,UHM2149,27477,DNA,cloacal swab,6/24/2024,NA,NA,NA,NA,NA,NA,NA,27477,UHM2149,,,NA,,NA,,,NA,27.5,NA,NA,NA,,uhm,wild,cloaca swab,dry,N,Cryptobranchus alleganiensis,Cryptobranchus,alleganiensis,NA,salamander,Aquatic,5/3/2024,TN,polk,Blue Ridge Mountains,NA,Hiwassee River Picnic Area,35.22,-84.52,0,metadata,Chloe Cummins,,
UHM2150_34599,34398,16S_amplicon,59,UHM_Hellbender_P2_CEC,G9,sample,sample,1,1,1,NA,UHM2150,27480,DNA,cloacal swab,6/24/2024,NA,NA,NA,NA,NA,NA,NA,27480,UHM2150,,,NA,,NA,,,NA,17.8,NA,NA,NA,,uhm,wild,cloaca swab,dry,N,Cryptobranchus alleganiensis,Cryptobranchus,alleganiensis,NA,salamander,Aquatic,5/3/2024,TN,polk,Blue Ridge Mountains,NA,Hiwassee River Picnic Area,35.22,-84.52,0,metadata,Chloe Cummins,,
UHM2151_34600,34399,16S_amplicon,84,UHM_Hellbender_P2_CEC,H9,sample,sample,1,1,1,NA,UHM2151,27483,DNA,cloacal swab,6/24/2024,NA,NA,NA,NA,NA,NA,NA,27483,UHM2151,,,NA,,NA,,,NA,28,NA,NA,NA,,uhm,wild,cloaca swab,dry,N,Cryptobranchus alleganiensis,Cryptobranchus,alleganiensis,NA,salamander,Aquatic,5/3/2024,TN,polk,Blue Ridge Mountains,NA,Hiwassee River Picnic Area,35.22,-84.52,0,metadata,Chloe Cummins,,
UHM2152_34601,34400,16S_amplicon,41,UHM_Hellbender_P2_CEC,A10,sample,sample,1,1,1,NA,UHM2152,27486,DNA,cloacal swab,6/24/2024,NA,NA,NA,NA,NA,NA,NA,27486,UHM2152,,,NA,,NA,,,NA,20,NA,NA,NA,,uhm,wild,cloaca swab,dry,N,Cryptobranchus alleganiensis,Cryptobranchus,alleganiensis,NA,salamander,Aquatic,5/3/2024,TN,polk,Blue Ridge Mountains,NA,Hiwassee River Picnic Area,35.22,-84.52,0,metadata,Chloe Cummins,,
UHM2153_35799,35780,16S_amplicon,33,UHM_Hellbender_Partial_P3_CEC,C1,sample,sample,1,1,1,NA,UHM2153,27489,DNA,environmental swab,8/6/2024,NA,NA,NA,NA,NA,NA,NA,27489,UHM2153,,,NA,,NA,,,NA,NA,NA,NA,NA,,uhm,environmental,water,dry,N,Cryptobranchus alleganiensis,Cryptobranchus,alleganiensis,NA,salamander,Aquatic,7/27/2024,TN,lawrence,Interior Plateau,NA,Little Buffalo River - site 1,35.38,-87.51,0,metadata,Chloe Cummins,,
UHM2154_35800,35781,16S_amplicon,30,UHM_Hellbender_Partial_P3_CEC,D1,sample,sample,1,1,1,NA,UHM2154,27492,DNA,cloacal swab,8/6/2024,NA,NA,NA,NA,NA,NA,NA,27492,UHM2154,HNZ-45,HNZ,6595,3D9 025 893AC6A,NA,10/12/2015,M,435,41.2,1,NA,NA,,uhm,wild,cloaca swab,dry,N,Cryptobranchus alleganiensis,Cryptobranchus,alleganiensis,26.1,salamander,Aquatic,7/27/2024,TN,lawrence,Interior Plateau,NA,Little Buffalo River - site 1,35.38,-87.51,0,metadata,Chloe Cummins,,
UHM2156_35802,35783,16S_amplicon,43,UHM_Hellbender_Partial_P3_CEC,F1,sample,sample,1,1,1,NA,UHM2156,27498,DNA,cloacal swab,8/6/2024,NA,NA,NA,NA,NA,NA,NA,27498,UHM2156,BSC-HB1,BSC,NA,3DD003E0C5026,NA,,F,780,50,NA,NA,NA,,uhm,wild,cloaca swab,dry,N,Cryptobranchus alleganiensis,Cryptobranchus,alleganiensis,34,salamander,Aquatic,7/30/2024,TN,hickman,Interior Plateau,NA,Big Swan Creek,35.65,-87.44,0,metadata,Chloe Cummins,,
UHM2157_35803,35784,16S_amplicon,40,UHM_Hellbender_Partial_P3_CEC,G1,sample,sample,1,1,1,NA,UHM2157,27501,DNA,cloacal swab,8/6/2024,NA,NA,NA,NA,NA,NA,NA,27501,UHM2157,BSC-HB2,BSC,NA,3DD003E0C4F61,NA,,F,580,46,NA,NA,NA,,uhm,wild,cloaca swab,dry,N,Cryptobranchus alleganiensis,Cryptobranchus,alleganiensis,31.5,salamander,Aquatic,7/30/2024,TN,hickman,Interior Plateau,NA,Big Swan Creek,35.65,-87.45,0,metadata,Chloe Cummins,,
UHM2157_35810,35791,16S_amplicon,30,UHM_Hellbender_Partial_P3_CEC,F2,sample,sample,1,0,1,NA,UHM2157,27502,DNA,fecal,8/6/2024,NA,NA,NA,NA,NA,NA,NA,27502,UHM2157,BSC-HB2,BSC,NA,3DD003E0C4F61,NA,,F,580,46,NA,NA,NA,,uhm,wild,fecal,water,Y,Cryptobranchus alleganiensis,Cryptobranchus,alleganiensis,31.5,salamander,Aquatic,7/30/2024,TN,hickman,Interior Plateau,NA,Big Swan Creek,35.65,-87.45,0,metadata,Chloe Cummins,,Host pooped in container with river water - fecal sample collected via sterile swab
UHM2158_35804,35785,16S_amplicon,30,UHM_Hellbender_Partial_P3_CEC,H1,sample,sample,1,1,1,NA,UHM2158,27504,DNA,environmental swab,8/6/2024,NA,NA,NA,NA,NA,NA,NA,27504,UHM2158,,,NA,,NA,,,NA,NA,NA,NA,NA,,uhm,environmental,water,dry,N,Cryptobranchus alleganiensis,Cryptobranchus,alleganiensis,NA,salamander,Aquatic,7/31/2024,TN,lewis,Interior Plateau,NA,Shady Bluff,35.56,-87.4,0,metadata,Chloe Cummins,,
UHM2161_35808,35789,16S_amplicon,30,UHM_Hellbender_Partial_P3_CEC,D2,sample,sample,1,1,1,NA,UHM2161,27513,DNA,environmental swab,8/6/2024,NA,NA,NA,NA,NA,NA,NA,27513,UHM2161,,,NA,,NA,,,NA,NA,NA,NA,NA,,uhm,environmental,water,dry,N,Cryptobranchus alleganiensis,Cryptobranchus,alleganiensis,NA,salamander,Aquatic,8/2/2024,TN,lewis,Interior Plateau,NA,Shady Bluff,35.56,-87.4,0,metadata,Chloe Cummins,,
UHM2162_35809,35790,16S_amplicon,31,UHM_Hellbender_Partial_P3_CEC,E2,sample,sample,1,1,1,NA,UHM2162,27516,DNA,cloacal swab,8/6/2024,NA,NA,NA,NA,NA,NA,NA,27516,UHM2162,SB-HB1,SB,NA,3DD003E0C2E09,NA,,M,730,51.2,NA,NA,NA,,uhm,wild,cloaca swab,dry,N,Cryptobranchus alleganiensis,Cryptobranchus,alleganiensis,NA,salamander,Aquatic,8/2/2024,TN,lewis,Interior Plateau,NA,Shady Bluff,35.56,-87.4,0,metadata,Chloe Cummins,,
UHM2162_35811,35792,16S_amplicon,38,UHM_Hellbender_Partial_P3_CEC,G2,sample,sample,1,0,1,NA,UHM2162,27517,DNA,fecal,8/6/2024,NA,NA,NA,NA,NA,NA,NA,27517,UHM2162,SB-HB1,SB,NA,3DD003E0C2E09,NA,,M,730,51.2,NA,NA,NA,,uhm,wild,fecal,water,Y,Cryptobranchus alleganiensis,Cryptobranchus,alleganiensis,NA,salamander,Aquatic,8/2/2024,TN,lewis,Interior Plateau,NA,Shady Bluff,35.56,-87.4,0,metadata,Chloe Cummins,,Host pooped in container with river water - fecal sample collected via sterile swab
UHM739_34518,21889,16S_amplicon,77,UHM_Hellbender_P1_CEC,F11,sample,sample,1,1,1,NA,UHM739,12628,DNA,fecal,12/18/2023,NA,NA,NA,NA,NA,NA,NA,12628,UHM739,18ZB-6,18ZB,7306,3D6153439 6DBD,NA,10/5/2018,M,NA,NA,0,NA,1,4/20/2023,uhm,zoo,fecal,water - DNA,Y,Cryptobranchus alleganiensis,Cryptobranchus,alleganiensis,NA,salamander,Aquatic,5/9/2023,TN,davidson,Interior Plateau,NA,Nashville Zoo,36.09,-86.74,0,metadata,Sherri Doro,,
UHM739_34519,21890,16S_amplicon,80,UHM_Hellbender_P1_CEC,G11,sample,sample,1,1,1,NA,UHM739,11907,DNA,fecal,12/18/2023,NA,NA,NA,NA,NA,NA,NA,11907,UHM739,18ZB-6,18ZB,7306,3D6153439 6DBD,NA,10/5/2018,M,251,33.5,NA,NA,1,2/15/2023,uhm,zoo,fecal,water,Y,Cryptobranchus alleganiensis,Cryptobranchus,alleganiensis,NA,salamander,Aquatic,2/21/2023,TN,davidson,Interior Plateau,NA,Nashville Zoo,36.09,-86.74,0,metadata,Sherri Doro,,
UHM740_34517,21888,16S_amplicon,66,UHM_Hellbender_P1_CEC,E11,sample,sample,1,1,1,NA,UHM740,11911,DNA,fecal,12/18/2023,NA,NA,NA,NA,NA,NA,NA,11911,UHM740,18ZB-11,18ZB,7311,3D6153439 2928,NA,10/5/2018,F,NA,NA,0,NA,1,4/20/2023,uhm,zoo,fecal,water - DNA,Y,Cryptobranchus alleganiensis,Cryptobranchus,alleganiensis,NA,salamander,Aquatic,5/17/2023,TN,davidson,Interior Plateau,NA,Nashville Zoo,36.09,-86.74,0,metadata,Sherri Doro,,
UHM744_34516,21886,16S_amplicon,40,UHM_Hellbender_P1_CEC,D11,sample,sample,1,1,1,NA,UHM744,11921,DNA,cloacal swab,12/14/2023,NA,NA,NA,NA,NA,NA,NA,11921,UHM744,18ZB-38,18ZB,7338,3D61533F4 DD7F,NA,10/5/2018,M,206.6,29.8,NA,NA,1,2/15/2023,uhm,zoo,cloaca swab,dry,N,Cryptobranchus alleganiensis,Cryptobranchus,alleganiensis,NA,salamander,Aquatic,2/22/2023,TN,davidson,Interior Plateau,NA,Nashville Zoo,36.09,-86.74,0,metadata,Sherri Doro,,
UHM746_34444,21452,16S_amplicon,52,UHM_Hellbender_P1_CEC,D2,sample,sample,1,1,1,NA,UHM746,11927,DNA,cloacal swab,12/1/2023,NA,NA,NA,NA,NA,NA,NA,11927,UHM746,18ZB-39,18ZB,7339,3D6153439 659A,NA,10/5/2018,M,121.6,25.8,NA,NA,0,,uhm,zoo,cloaca swab,dry,N,Cryptobranchus alleganiensis,Cryptobranchus,alleganiensis,NA,salamander,Aquatic,2/22/2023,TN,davidson,Interior Plateau,NA,Nashville Zoo,36.09,-86.74,0,metadata,Sherri Doro,,
UHM746_34466,21501,16S_amplicon,47,UHM_Hellbender_P1_CEC,B5,sample,sample,1,1,1,NA,UHM746,11928,DNA,cloacal swab,12/6/2023,NA,NA,NA,NA,NA,NA,NA,11928,UHM746,18ZB-39,18ZB,7339,3D6153439 659A,NA,10/5/2018,M,142.2,25.5,0,NA,0,,uhm,zoo,cloaca swab,dry,N,Cryptobranchus alleganiensis,Cryptobranchus,alleganiensis,NA,salamander,Aquatic,5/1/2023,TN,davidson,Interior Plateau,NA,Nashville Zoo,36.09,-86.74,0,metadata,Sherri Doro,,
UHM746_34488,21857,16S_amplicon,59,UHM_Hellbender_P1_CEC,H7,sample,sample,1,1,1,NA,UHM746,11929,DNA,cloacal swab,12/12/2023,NA,NA,NA,NA,NA,NA,NA,11929,UHM746,18ZB-39,18ZB,7339,3D6153439 659A,NA,10/5/2018,M,177.4,28,0,NA,0,,uhm,zoo,cloaca swab,dry,N,Cryptobranchus alleganiensis,Cryptobranchus,alleganiensis,NA,salamander,Aquatic,11/7/2023,TN,davidson,Interior Plateau,NA,Nashville Zoo,36.09,-86.74,0,metadata,Sherri Doro,,
UHM746_34543,34054,16S_amplicon,51,UHM_Hellbender_P2_CEC,G2,sample,sample,1,1,1,NA,UHM746,22889,DNA,cloacal swab,6/5/2024,NA,NA,NA,NA,NA,NA,NA,22889,UHM746,18ZB-39,18ZB,7339,3D6153439 659A,NA,10/5/2018,M,185,30,NA,NA,1,12/19/2023,uhm,zoo,cloaca swab,dry,N,Cryptobranchus alleganiensis,Cryptobranchus,alleganiensis,NA,salamander,Aquatic,1/23/2024,TN,davidson,Interior Plateau,NA,Nashville Zoo,36.09,-86.74,0,metadata,Sherri Doro,,
UHM747_34443,21451,16S_amplicon,45,UHM_Hellbender_P1_CEC,C2,sample,sample,1,1,1,NA,UHM747,11930,DNA,cloacal swab,12/1/2023,NA,NA,NA,NA,NA,NA,NA,11930,UHM747,18ZB-37,18ZB,7337,3D6153439 4E4C,NA,10/5/2018,M,138.6,27.5,NA,NA,0,,uhm,zoo,cloaca swab,dry,N,Cryptobranchus alleganiensis,Cryptobranchus,alleganiensis,NA,salamander,Aquatic,2/22/2023,TN,davidson,Interior Plateau,NA,Nashville Zoo,36.09,-86.74,0,metadata,Sherri Doro,,
UHM747_34465,21500,16S_amplicon,51,UHM_Hellbender_P1_CEC,A5,sample,sample,1,1,1,NA,UHM747,11931,DNA,cloacal swab,12/6/2023,NA,NA,NA,NA,NA,NA,NA,11931,UHM747,18ZB-37,18ZB,7337,3D6153439 4E4C,NA,10/5/2018,M,155.6,28.5,0,NA,0,,uhm,zoo,cloaca swab,dry,N,Cryptobranchus alleganiensis,Cryptobranchus,alleganiensis,NA,salamander,Aquatic,5/1/2023,TN,davidson,Interior Plateau,NA,Nashville Zoo,36.09,-86.74,0,metadata,Sherri Doro,,
UHM747_34487,21856,16S_amplicon,50,UHM_Hellbender_P1_CEC,G7,sample,sample,1,1,1,NA,UHM747,11932,DNA,cloacal swab,12/12/2023,NA,NA,NA,NA,NA,NA,NA,11932,UHM747,18ZB-37,18ZB,7337,3D6153439 4E4C,NA,10/5/2018,M,199.5,32,0,NA,0,,uhm,zoo,cloaca swab,dry,N,Cryptobranchus alleganiensis,Cryptobranchus,alleganiensis,NA,salamander,Aquatic,11/7/2023,TN,davidson,Interior Plateau,NA,Nashville Zoo,36.09,-86.74,0,metadata,Sherri Doro,,
UHM747_34542,34053,16S_amplicon,53,UHM_Hellbender_P2_CEC,F2,sample,sample,1,1,1,NA,UHM747,22892,DNA,cloacal swab,6/5/2024,NA,NA,NA,NA,NA,NA,NA,22892,UHM747,18ZB-37,18ZB,7337,3D6153439 4E4C,NA,10/5/2018,M,213.5,32,NA,NA,1,11/21/2023,uhm,zoo,cloaca swab,dry,N,Cryptobranchus alleganiensis,Cryptobranchus,alleganiensis,NA,salamander,Aquatic,1/23/2024,TN,davidson,Interior Plateau,NA,Nashville Zoo,36.09,-86.74,0,metadata,Sherri Doro,,
UHM748_34434,20916,16S_amplicon,43,UHM_Hellbender_P1_CEC,B1,sample,sample,1,1,1,NA,UHM748,11933,DNA,cloacal swab,11/27/2023,NA,NA,NA,NA,NA,NA,NA,11933,UHM748,18ZB-42,18ZB,7342,3D6153439 4D38,NA,10/5/2018,M,106.8,25.3,NA,NA,0,,uhm,zoo,cloaca swab,dry,N,Cryptobranchus alleganiensis,Cryptobranchus,alleganiensis,NA,salamander,Aquatic,2/22/2023,TN,davidson,Interior Plateau,NA,Nashville Zoo,36.09,-86.74,0,metadata,Sherri Doro,,
UHM748_34453,21461,16S_amplicon,43,UHM_Hellbender_P1_CEC,E3,sample,sample,1,1,1,NA,UHM748,11934,DNA,cloacal swab,12/1/2023,NA,NA,NA,NA,NA,NA,NA,11934,UHM748,18ZB-42,18ZB,7342,3D6153439 4D38,NA,10/5/2018,M,121.3,27.5,0,NA,0,,uhm,zoo,cloaca swab,dry,N,Cryptobranchus alleganiensis,Cryptobranchus,alleganiensis,NA,salamander,Aquatic,5/1/2023,TN,davidson,Interior Plateau,NA,Nashville Zoo,36.09,-86.74,0,metadata,Sherri Doro,,
UHM748_34473,21509,16S_amplicon,49,UHM_Hellbender_P1_CEC,A6,sample,sample,1,1,1,NA,UHM748,11935,DNA,cloacal swab,12/8/2023,NA,NA,NA,NA,NA,NA,NA,11935,UHM748,18ZB-42,18ZB,7342,3D6153439 4D38,NA,10/5/2018,M,158.7,31,0,NA,1,8/16/2023,uhm,zoo,cloaca swab,dry,N,Cryptobranchus alleganiensis,Cryptobranchus,alleganiensis,NA,salamander,Aquatic,11/7/2023,TN,davidson,Interior Plateau,NA,Nashville Zoo,36.09,-86.74,0,metadata,Sherri Doro,,
UHM748_34530,34041,16S_amplicon,36,UHM_Hellbender_P2_CEC,B1,sample,sample,1,1,1,NA,UHM748,22895,DNA,cloacal swab,6/5/2024,NA,NA,NA,NA,NA,NA,NA,22895,UHM748,18ZB-42,18ZB,7342,3D6153439 4D38,NA,10/5/2018,M,195.1,32,NA,NA,1,11/21/2023,uhm,zoo,cloaca swab,dry,N,Cryptobranchus alleganiensis,Cryptobranchus,alleganiensis,NA,salamander,Aquatic,1/23/2024,TN,davidson,Interior Plateau,NA,Nashville Zoo,36.09,-86.74,0,metadata,Sherri Doro,,
UHM749_34445,21453,16S_amplicon,52,UHM_Hellbender_P1_CEC,E2,sample,sample,1,1,1,NA,UHM749,11936,DNA,cloacal swab,12/1/2023,NA,NA,NA,NA,NA,NA,NA,11936,UHM749,18ZB-43,18ZB,7343,3D6153439 6CB0,NA,10/5/2018,M,126.7,25.8,NA,NA,0,,uhm,zoo,cloaca swab,dry,N,Cryptobranchus alleganiensis,Cryptobranchus,alleganiensis,NA,salamander,Aquatic,2/22/2023,TN,davidson,Interior Plateau,NA,Nashville Zoo,36.09,-86.74,0,metadata,Sherri Doro,,
UHM749_34489,21858,16S_amplicon,34,UHM_Hellbender_P1_CEC,A8,sample,sample,1,1,1,NA,UHM749,11938,DNA,cloacal swab,12/12/2023,NA,NA,NA,NA,NA,NA,NA,11938,UHM749,18ZB-43,18ZB,7343,3D6153439 6CB0,NA,10/5/2018,M,222.9,31,0,NA,0,,uhm,zoo,cloaca swab,dry,N,Cryptobranchus alleganiensis,Cryptobranchus,alleganiensis,NA,salamander,Aquatic,11/7/2023,TN,davidson,Interior Plateau,NA,Nashville Zoo,36.09,-86.74,0,metadata,Sherri Doro,,
UHM749_34544,34056,16S_amplicon,51,UHM_Hellbender_P2_CEC,H2,sample,sample,1,1,1,NA,UHM749,11937,DNA,cloacal swab,6/6/2024,NA,NA,NA,NA,NA,NA,NA,11937,UHM749,18ZB-43,18ZB,7343,3D6153439 6CB0,NA,10/5/2018,M,134.1,27,0,NA,0,,uhm,zoo,cloaca swab,dry,N,Cryptobranchus alleganiensis,Cryptobranchus,alleganiensis,NA,salamander,Aquatic,5/1/2023,TN,davidson,Interior Plateau,NA,Nashville Zoo,36.09,-86.74,0,metadata,Sherri Doro,,
UHM750_35805,35786,16S_amplicon,34,UHM_Hellbender_Partial_P3_CEC,A2,sample,sample,1,1,1,NA,UHM750,11941,DNA,cloacal swab,8/6/2024,NA,NA,NA,NA,NA,NA,NA,11941,UHM750,18ZB-41,18ZB,7341,3D6153439 4CBD,NA,10/5/2018,M,155,31.5,1,NA,NA,,uhm,wild,cloaca swab,dry,N,Cryptobranchus alleganiensis,Cryptobranchus,alleganiensis,NA,salamander,Aquatic,7/31/2024,TN,lewis,Interior Plateau,NA,Shady Bluff,35.56,-87.4,0,metadata,Chloe Cummins,,
UHM750_35812,35793,16S_amplicon,37,UHM_Hellbender_Partial_P3_CEC,H2,sample,sample,1,0,1,NA,UHM750,35777,DNA,fecal,8/6/2024,NA,NA,NA,NA,NA,NA,NA,35777,UHM750,18ZB-41,18ZB,7341,3D6153439 4CBD,NA,10/5/2018,M,155,31.5,1,NA,NA,,uhm,wild,fecal,water,Y,Cryptobranchus alleganiensis,Cryptobranchus,alleganiensis,NA,salamander,Aquatic,7/31/2024,TN,lewis,Interior Plateau,NA,Shady Bluff,35.56,-87.4,0,metadata,Chloe Cummins,,Host pooped in container with river water - fecal sample collected via sterile swab
UHM754_34567,34080,16S_amplicon,57,UHM_Hellbender_P2_CEC,G5,sample,sample,1,1,1,NA,UHM754,22901,DNA,cloacal swab,6/14/2024,NA,NA,NA,NA,NA,NA,NA,22901,UHM754,18ZB-10,18ZB,7310,3D6153439 4B07,NA,10/5/2018,F,590,40,NA,NA,1,8/16/2023,uhm,zoo,cloaca swab,dry,N,Cryptobranchus alleganiensis,Cryptobranchus,alleganiensis,NA,salamander,Aquatic,1/23/2024,TN,davidson,Interior Plateau,NA,Nashville Zoo,36.09,-86.74,0,metadata,Sherri Doro,,
UHM754_34603,34402,16S_amplicon,48,UHM_Hellbender_P2_CEC,C10,sample,sample,1,1,1,NA,UHM754,11951,DNA,cloacal swab,6/24/2024,NA,NA,NA,NA,NA,NA,NA,11951,UHM754,18ZB-10,18ZB,7310,3D6153439 4B07,NA,10/5/2018,F,309,35.5,NA,NA,1,2/15/2023,uhm,zoo,cloaca swab,dry,N,Cryptobranchus alleganiensis,Cryptobranchus,alleganiensis,NA,salamander,Aquatic,2/21/2023,TN,davidson,Interior Plateau,NA,Nashville Zoo,36.09,-86.74,0,metadata,Sherri Doro,,
UHM754_34611,34411,16S_amplicon,50,UHM_Hellbender_P2_CEC,C11,sample,sample,1,1,1,NA,UHM754,11952,DNA,cloacal swab,6/25/2024,NA,NA,NA,NA,NA,NA,NA,11952,UHM754,18ZB-10,18ZB,7310,3D6153439 4B07,NA,10/5/2018,F,382,36,0,NA,1,2/15/2023,uhm,zoo,cloaca swab,dry,N,Cryptobranchus alleganiensis,Cryptobranchus,alleganiensis,NA,salamander,Aquatic,5/1/2023,TN,davidson,Interior Plateau,NA,Nashville Zoo,36.09,-86.74,0,metadata,Sherri Doro,,
UHM754_34619,34420,16S_amplicon,38,UHM_Hellbender_P2_CEC,C12,sample,sample,1,1,1,NA,UHM754,11953,DNA,cloacal swab,6/27/2024,NA,NA,NA,NA,NA,NA,NA,11953,UHM754,18ZB-10,18ZB,7310,3D6153439 4B07,NA,10/5/2018,F,469.6,39.9,0,NA,1,2/15/2023,uhm,zoo,cloaca swab,dry,N,Cryptobranchus alleganiensis,Cryptobranchus,alleganiensis,NA,salamander,Aquatic,11/7/2023,TN,davidson,Interior Plateau,NA,Nashville Zoo,36.09,-86.74,0,metadata,Sherri Doro,,
UHM755_34565,34078,16S_amplicon,44,UHM_Hellbender_P2_CEC,E5,sample,sample,1,1,1,NA,UHM755,22904,DNA,cloacal swab,6/14/2024,NA,NA,NA,NA,NA,NA,NA,22904,UHM755,18ZB-5,18ZB,7305,3D6153439 619D,NA,10/5/2018,F,580,41,NA,NA,1,12/13/2023,uhm,zoo,cloaca swab,dry,N,Cryptobranchus alleganiensis,Cryptobranchus,alleganiensis,NA,salamander,Aquatic,1/23/2024,TN,davidson,Interior Plateau,NA,Nashville Zoo,36.09,-86.74,0,metadata,Sherri Doro,,
UHM755_34573,34086,16S_amplicon,45,UHM_Hellbender_P2_CEC,E6,sample,sample,1,1,1,NA,UHM755,11954,DNA,cloacal swab,6/14/2024,NA,NA,NA,NA,NA,NA,NA,11954,UHM755,18ZB-5,18ZB,7305,3D6153439 619D,NA,10/5/2018,F,322.7,35.6,NA,NA,1,2/15/2023,uhm,zoo,cloaca swab,dry,N,Cryptobranchus alleganiensis,Cryptobranchus,alleganiensis,NA,salamander,Aquatic,2/21/2023,TN,davidson,Interior Plateau,NA,Nashville Zoo,36.09,-86.74,0,metadata,Sherri Doro,,
UHM755_34609,34409,16S_amplicon,56,UHM_Hellbender_P2_CEC,A11,sample,sample,1,1,1,NA,UHM755,11955,DNA,cloacal swab,6/25/2024,NA,NA,NA,NA,NA,NA,NA,11955,UHM755,18ZB-5,18ZB,7305,3D6153439 619D,NA,10/5/2018,F,396,37,0,NA,1,2/15/2023,uhm,zoo,cloaca swab,dry,N,Cryptobranchus alleganiensis,Cryptobranchus,alleganiensis,NA,salamander,Aquatic,5/1/2023,TN,davidson,Interior Plateau,NA,Nashville Zoo,36.09,-86.74,0,metadata,Sherri Doro,,
UHM755_34617,34417,16S_amplicon,52,UHM_Hellbender_P2_CEC,A12,sample,sample,1,1,1,NA,UHM755,11956,DNA,cloacal swab,6/25/2024,NA,NA,NA,NA,NA,NA,NA,11956,UHM755,18ZB-5,18ZB,7305,3D6153439 619D,NA,10/5/2018,F,482.4,41,0,NA,1,8/16/2023,uhm,zoo,cloaca swab,dry,N,Cryptobranchus alleganiensis,Cryptobranchus,alleganiensis,NA,salamander,Aquatic,11/7/2023,TN,davidson,Interior Plateau,NA,Nashville Zoo,36.09,-86.74,0,metadata,Sherri Doro,,
UHM756_34524,34424,16S_amplicon,46,UHM_Hellbender_P1_CEC,D12,sample,sample,1,1,1,NA,UHM756,11959,DNA,cloacal swab,6/27/2024,NA,NA,NA,NA,NA,NA,NA,11959,UHM756,18ZB-18,18ZB,7318,3D6153439 6B59,NA,10/5/2018,F,386.5,38,0,NA,1,2/15/2023,uhm,zoo,cloaca swab,dry,N,Cryptobranchus alleganiensis,Cryptobranchus,alleganiensis,NA,salamander,Aquatic,11/7/2023,TN,davidson,Interior Plateau,NA,Nashville Zoo,36.09,-86.74,0,metadata,Sherri Doro,,
UHM756_34571,34084,16S_amplicon,50,UHM_Hellbender_P2_CEC,C6,sample,sample,1,1,1,NA,UHM756,22907,DNA,cloacal swab,6/14/2024,NA,NA,NA,NA,NA,NA,NA,22907,UHM756,18ZB-18,18ZB,7318,3D6153439 6B59,NA,10/5/2018,F,491.7,40,NA,NA,1,2/15/2023,uhm,zoo,cloaca swab,dry,N,Cryptobranchus alleganiensis,Cryptobranchus,alleganiensis,NA,salamander,Aquatic,1/23/2024,TN,davidson,Interior Plateau,NA,Nashville Zoo,36.09,-86.74,0,metadata,Sherri Doro,,
UHM756_34607,34407,16S_amplicon,57,UHM_Hellbender_P2_CEC,G10,sample,sample,1,1,1,NA,UHM756,11957,DNA,cloacal swab,6/25/2024,NA,NA,NA,NA,NA,NA,NA,11957,UHM756,18ZB-18,18ZB,7318,3D6153439 6B59,NA,10/5/2018,F,NA,NA,NA,NA,1,2/15/2023,uhm,zoo,cloaca swab,dry,N,Cryptobranchus alleganiensis,Cryptobranchus,alleganiensis,NA,salamander,Aquatic,2/22/2023,TN,davidson,Interior Plateau,NA,Nashville Zoo,36.09,-86.74,0,metadata,Sherri Doro,,
UHM756_34615,34415,16S_amplicon,59,UHM_Hellbender_P2_CEC,G11,sample,sample,1,1,1,NA,UHM756,11958,DNA,cloacal swab,6/25/2024,NA,NA,NA,NA,NA,NA,NA,11958,UHM756,18ZB-18,18ZB,7318,3D6153439 6B59,NA,10/5/2018,F,275,34,0,NA,1,2/15/2023,uhm,zoo,cloaca swab,dry,N,Cryptobranchus alleganiensis,Cryptobranchus,alleganiensis,NA,salamander,Aquatic,5/1/2023,TN,davidson,Interior Plateau,NA,Nashville Zoo,36.09,-86.74,0,metadata,Sherri Doro,,
UHM759_34472,21508,16S_amplicon,64,UHM_Hellbender_P1_CEC,H5,sample,sample,1,1,1,NA,UHM759,11968,DNA,cloacal swab,12/8/2023,NA,NA,NA,NA,NA,NA,NA,11968,UHM759,18ZB-35,18ZB,7335,3D92794DC A514,NA,10/5/2018,M,232.6,34,0,NA,1,8/16/2023,uhm,zoo,cloaca swab,dry,N,Cryptobranchus alleganiensis,Cryptobranchus,alleganiensis,NA,salamander,Aquatic,11/7/2023,TN,davidson,Interior Plateau,NA,Nashville Zoo,36.09,-86.74,0,metadata,Sherri Doro,,
UHM759_34529,34040,16S_amplicon,47,UHM_Hellbender_P2_CEC,A1,sample,sample,1,1,1,NA,UHM759,22913,DNA,cloacal swab,6/5/2024,NA,NA,NA,NA,NA,NA,NA,22913,UHM759,18ZB-35,18ZB,7335,3D92794DC A514,NA,10/5/2018,M,325.6,36,NA,NA,1,12/13/2023,uhm,zoo,cloaca swab,dry,N,Cryptobranchus alleganiensis,Cryptobranchus,alleganiensis,NA,salamander,Aquatic,1/23/2024,TN,davidson,Interior Plateau,NA,Nashville Zoo,36.09,-86.74,0,metadata,Sherri Doro,,
UHM761_34570,34083,16S_amplicon,47,UHM_Hellbender_P2_CEC,B6,sample,sample,1,1,1,NA,UHM761,22916,DNA,cloacal swab,6/14/2024,NA,NA,NA,NA,NA,NA,NA,22916,UHM761,18ZB-34,18ZB,7334,3D6153439 6725,NA,10/5/2018,F,379.6,38,NA,NA,1,2/15/2023,uhm,zoo,cloaca swab,dry,N,Cryptobranchus alleganiensis,Cryptobranchus,alleganiensis,NA,salamander,Aquatic,1/23/2024,TN,davidson,Interior Plateau,NA,Nashville Zoo,36.09,-86.74,0,metadata,Sherri Doro,,
UHM761_34606,34406,16S_amplicon,49,UHM_Hellbender_P2_CEC,F10,sample,sample,1,1,1,NA,UHM761,11972,DNA,cloacal swab,6/25/2024,NA,NA,NA,NA,NA,NA,NA,11972,UHM761,18ZB-34,18ZB,7334,3D6153439 6725,NA,10/5/2018,F,214.1,31.7,NA,NA,1,2/15/2023,uhm,zoo,cloaca swab,dry,N,Cryptobranchus alleganiensis,Cryptobranchus,alleganiensis,NA,salamander,Aquatic,2/22/2023,TN,davidson,Interior Plateau,NA,Nashville Zoo,36.09,-86.74,0,metadata,Sherri Doro,,
UHM761_34614,34414,16S_amplicon,57,UHM_Hellbender_P2_CEC,F11,sample,sample,1,1,1,NA,UHM761,11973,DNA,cloacal swab,6/25/2024,NA,NA,NA,NA,NA,NA,NA,11973,UHM761,18ZB-34,18ZB,7334,3D6153439 6725,NA,10/5/2018,F,244.9,34.3,0,NA,1,2/15/2023,uhm,zoo,cloaca swab,dry,N,Cryptobranchus alleganiensis,Cryptobranchus,alleganiensis,NA,salamander,Aquatic,5/1/2023,TN,davidson,Interior Plateau,NA,Nashville Zoo,36.09,-86.74,0,metadata,Sherri Doro,,
UHM761_34622,34423,16S_amplicon,56,UHM_Hellbender_P2_CEC,F12,sample,sample,1,1,1,NA,UHM761,11974,DNA,cloacal swab,6/27/2024,NA,NA,NA,NA,NA,NA,NA,11974,UHM761,18ZB-34,18ZB,7334,3D6153439 6725,NA,10/5/2018,F,303,36.5,0,NA,1,2/15/2023,uhm,zoo,cloaca swab,dry,N,Cryptobranchus alleganiensis,Cryptobranchus,alleganiensis,NA,salamander,Aquatic,11/7/2023,TN,davidson,Interior Plateau,NA,Nashville Zoo,36.09,-86.74,0,metadata,Sherri Doro,,
UHM762_34568,34081,16S_amplicon,55,UHM_Hellbender_P2_CEC,H5,sample,sample,1,1,1,NA,UHM762,22919,DNA,cloacal swab,6/14/2024,NA,NA,NA,NA,NA,NA,NA,22919,UHM762,18ZB-14,18ZB,7314,3D6153439 4ADC,NA,10/5/2018,F,388.9,37,NA,NA,1,12/13/2023,uhm,zoo,cloaca swab,dry,N,Cryptobranchus alleganiensis,Cryptobranchus,alleganiensis,NA,salamander,Aquatic,1/23/2024,TN,davidson,Interior Plateau,NA,Nashville Zoo,36.09,-86.74,0,metadata,Sherri Doro,,
UHM762_34604,34404,16S_amplicon,37,UHM_Hellbender_P2_CEC,D10,sample,sample,1,1,1,NA,UHM762,11975,DNA,cloacal swab,6/25/2024,NA,NA,NA,NA,NA,NA,NA,11975,UHM762,18ZB-14,18ZB,7314,3D6153439 4ADC,NA,10/5/2018,F,207.1,31.2,NA,NA,1,2/15/2023,uhm,zoo,cloaca swab,dry,N,Cryptobranchus alleganiensis,Cryptobranchus,alleganiensis,NA,salamander,Aquatic,2/21/2023,TN,davidson,Interior Plateau,NA,Nashville Zoo,36.09,-86.74,0,metadata,Sherri Doro,,
UHM762_34612,34412,16S_amplicon,45,UHM_Hellbender_P2_CEC,D11,sample,sample,1,1,1,NA,UHM762,11976,DNA,cloacal swab,6/25/2024,NA,NA,NA,NA,NA,NA,NA,11976,UHM762,18ZB-14,18ZB,7314,3D6153439 4ADC,NA,10/5/2018,F,243.1,33,0,NA,1,2/15/2023,uhm,zoo,cloaca swab,dry,N,Cryptobranchus alleganiensis,Cryptobranchus,alleganiensis,NA,salamander,Aquatic,5/1/2023,TN,davidson,Interior Plateau,NA,Nashville Zoo,36.09,-86.74,0,metadata,Sherri Doro,,
UHM762_34620,34421,16S_amplicon,52,UHM_Hellbender_P2_CEC,D12,sample,sample,1,1,1,NA,UHM762,11977,DNA,cloacal swab,6/27/2024,NA,NA,NA,NA,NA,NA,NA,11977,UHM762,18ZB-14,18ZB,7314,3D6153439 4ADC,NA,10/5/2018,F,316.3,37,0,NA,1,2/15/2023,uhm,zoo,cloaca swab,dry,N,Cryptobranchus alleganiensis,Cryptobranchus,alleganiensis,NA,salamander,Aquatic,11/7/2023,TN,davidson,Interior Plateau,NA,Nashville Zoo,36.09,-86.74,0,metadata,Sherri Doro,,
UHM763_34566,34079,16S_amplicon,45,UHM_Hellbender_P2_CEC,F5,sample,sample,1,1,1,NA,UHM763,22922,DNA,cloacal swab,6/14/2024,NA,NA,NA,NA,NA,NA,NA,22922,UHM763,18ZB-8,18ZB,7308,3D6153439 578E,NA,10/5/2018,F,535,40,NA,NA,1,2/15/2023,uhm,zoo,cloaca swab,dry,N,Cryptobranchus alleganiensis,Cryptobranchus,alleganiensis,NA,salamander,Aquatic,1/23/2024,TN,davidson,Interior Plateau,NA,Nashville Zoo,36.09,-86.74,0,metadata,Sherri Doro,,
UHM763_34610,34410,16S_amplicon,52,UHM_Hellbender_P2_CEC,B11,sample,sample,1,1,1,NA,UHM763,11979,DNA,cloacal swab,6/25/2024,NA,NA,NA,NA,NA,NA,NA,11979,UHM763,18ZB-8,18ZB,7308,3D6153439 578E,NA,10/5/2018,F,326,34.5,0,NA,1,2/15/2023,uhm,zoo,cloaca swab,dry,N,Cryptobranchus alleganiensis,Cryptobranchus,alleganiensis,NA,salamander,Aquatic,5/1/2023,TN,davidson,Interior Plateau,NA,Nashville Zoo,36.09,-86.74,0,metadata,Sherri Doro,,
UHM763_34618,34418,16S_amplicon,51,UHM_Hellbender_P2_CEC,B12,sample,sample,1,1,1,NA,UHM763,11980,DNA,cloacal swab,6/25/2024,NA,NA,NA,NA,NA,NA,NA,11980,UHM763,18ZB-8,18ZB,7308,3D6153439 578E,NA,10/5/2018,F,442.9,40,0,NA,1,2/15/2023,uhm,zoo,cloaca swab,dry,N,Cryptobranchus alleganiensis,Cryptobranchus,alleganiensis,NA,salamander,Aquatic,11/7/2023,TN,davidson,Interior Plateau,NA,Nashville Zoo,36.09,-86.74,0,metadata,Sherri Doro,,
UHM764_34569,34082,16S_amplicon,56,UHM_Hellbender_P2_CEC,A6,sample,sample,1,1,1,NA,UHM764,22925,DNA,cloacal swab,6/14/2024,NA,NA,NA,NA,NA,NA,NA,22925,UHM764,18ZB-31,18ZB,7331,3D61533F4 DD36,NA,10/5/2018,F,392,37,NA,NA,1,12/13/2023,uhm,zoo,cloaca swab,dry,N,Cryptobranchus alleganiensis,Cryptobranchus,alleganiensis,NA,salamander,Aquatic,1/23/2024,TN,davidson,Interior Plateau,NA,Nashville Zoo,36.09,-86.74,0,metadata,Sherri Doro,,
UHM764_34605,34405,16S_amplicon,37,UHM_Hellbender_P2_CEC,E10,sample,sample,1,1,1,NA,UHM764,11981,DNA,cloacal swab,6/25/2024,NA,NA,NA,NA,NA,NA,NA,11981,UHM764,18ZB-31,18ZB,7331,3D61533F4 DD36,NA,10/5/2018,F,188.3,31.2,NA,NA,1,2/15/2023,uhm,zoo,cloaca swab,dry,N,Cryptobranchus alleganiensis,Cryptobranchus,alleganiensis,NA,salamander,Aquatic,2/22/2023,TN,davidson,Interior Plateau,NA,Nashville Zoo,36.09,-86.74,0,metadata,Sherri Doro,,
UHM764_34621,34422,16S_amplicon,54,UHM_Hellbender_P2_CEC,E12,sample,sample,1,1,1,NA,UHM764,11983,DNA,cloacal swab,6/27/2024,NA,NA,NA,NA,NA,NA,NA,11983,UHM764,18ZB-31,18ZB,7331,3D61533F4 DD36,NA,10/5/2018,F,304.5,36,0,NA,1,2/15/2023,uhm,zoo,cloaca swab,dry,N,Cryptobranchus alleganiensis,Cryptobranchus,alleganiensis,NA,salamander,Aquatic,11/7/2023,TN,davidson,Interior Plateau,NA,Nashville Zoo,36.09,-86.74,0,metadata,Sherri Doro,,
UHM769_34555,34067,16S_amplicon,56,UHM_Hellbender_P2_CEC,C4,sample,sample,1,1,1,NA,UHM769,22934,DNA,cloacal swab,6/6/2024,NA,NA,NA,NA,NA,NA,NA,22934,UHM769,JZB -13,JZB,6913,3D61533F4DD21,NA,10/4/2017,M,201.7,33,NA,NA,1,12/13/2023,uhm,zoo,cloaca swab,dry,N,Cryptobranchus alleganiensis,Cryptobranchus,alleganiensis,NA,salamander,Aquatic,1/23/2024,TN,davidson,Interior Plateau,NA,Nashville Zoo,36.09,-86.74,0,metadata,Sherri Doro,,
UHM769_35806,35787,16S_amplicon,41,UHM_Hellbender_Partial_P3_CEC,B2,sample,sample,1,1,1,NA,UHM769,22936,DNA,cloacal swab,8/6/2024,NA,NA,NA,NA,NA,NA,NA,22936,UHM769,JZB -13,JZB,6913,3D61533F4DD21,NA,10/4/2017,M,210,33.5,1,NA,NA,,uhm,wild,cloaca swab,dry,N,Cryptobranchus alleganiensis,Cryptobranchus,alleganiensis,NA,salamander,Aquatic,7/31/2024,TN,lewis,Interior Plateau,NA,Shady Bluff,35.56,-87.4,0,metadata,Chloe Cummins,,Fecal matter on cloacal swab
UHM769_35813,35794,16S_amplicon,33,UHM_Hellbender_Partial_P3_CEC,A3,sample,sample,1,0,1,NA,UHM769,35778,DNA,fecal,8/6/2024,NA,NA,NA,NA,NA,NA,NA,35778,UHM769,JZB -13,JZB,6913,3D61533F4DD21,NA,10/4/2017,M,210,33.5,1,NA,NA,,uhm,wild,fecal,water,Y,Cryptobranchus alleganiensis,Cryptobranchus,alleganiensis,NA,salamander,Aquatic,7/31/2024,TN,lewis,Interior Plateau,NA,Shady Bluff,35.56,-87.4,0,metadata,Chloe Cummins,,Host pooped prior to cloacal swab collection - mineral oil on sterile swab used for fecal collection
UHM769_36112,36107,16S_amplicon,37,UHM_Hellbender_Partial_P3_CEC,G3,sample,sample,1,1,1,NA,UHM769,22935,DNA,cloacal swab,8/8/2024,NA,NA,NA,NA,NA,NA,NA,22935,UHM769,JZB -13,JZB,6913,3D61533F4DD21,NA,10/4/2017,M,182.7,33,1,NA,1,2/14/2024,uhm,zoo,cloaca swab,dry,N,Cryptobranchus alleganiensis,Cryptobranchus,alleganiensis,NA,salamander,Aquatic,4/23/2024,TN,davidson,Interior Plateau,NA,Nashville Zoo,36.09,-86.74,0,metadata,Pia Sandonato,,
UHM770_34552,34064,16S_amplicon,59,UHM_Hellbender_P2_CEC,H3,sample,sample,1,1,1,NA,UHM770,22937,DNA,cloacal swab,6/6/2024,NA,NA,NA,NA,NA,NA,NA,22937,UHM770,JZB -30,JZB,6930,3D61533F4DD2F,NA,10/4/2017,M,170.3,33,NA,NA,1,NA,uhm,zoo,cloaca swab,dry,N,Cryptobranchus alleganiensis,Cryptobranchus,alleganiensis,NA,salamander,Aquatic,1/23/2024,TN,davidson,Interior Plateau,NA,Nashville Zoo,36.09,-86.74,0,metadata,Sherri Doro,,
UHM775_34451,21459,16S_amplicon,48,UHM_Hellbender_P1_CEC,C3,sample,sample,1,1,1,NA,UHM775,12014,DNA,cloacal swab,12/1/2023,NA,NA,NA,NA,NA,NA,NA,12014,UHM775,18ZB-78,18ZB,7378,3D91534394 4D6B,NA,10/5/2018,M,139,27.4,NA,NA,0,,uhm,zoo,cloaca swab,dry,N,Cryptobranchus alleganiensis,Cryptobranchus,alleganiensis,NA,salamander,Aquatic,2/22/2023,TN,davidson,Interior Plateau,NA,Nashville Zoo,36.09,-86.74,0,metadata,Sherri Doro,,
UHM775_34486,21522,16S_amplicon,52,UHM_Hellbender_P1_CEC,F7,sample,sample,1,1,1,NA,UHM775,12015,DNA,cloacal swab,12/8/2023,NA,NA,NA,NA,NA,NA,NA,12015,UHM775,18ZB-78,18ZB,7378,3D91534394 4D6B,NA,10/5/2018,M,151.1,27,0,NA,0,,uhm,zoo,cloaca swab,dry,N,Cryptobranchus alleganiensis,Cryptobranchus,alleganiensis,NA,salamander,Aquatic,5/1/2023,TN,davidson,Interior Plateau,NA,Nashville Zoo,36.09,-86.74,0,metadata,Sherri Doro,,
UHM775_34551,34063,16S_amplicon,54,UHM_Hellbender_P2_CEC,G3,sample,sample,1,1,1,NA,UHM775,22940,DNA,cloacal swab,6/6/2024,NA,NA,NA,NA,NA,NA,NA,22940,UHM775,18ZB-78,18ZB,7378,3D91534394 4D6B,NA,10/5/2018,M,197.1,30,NA,NA,1,11/21/2023,uhm,zoo,cloaca swab,dry,N,Cryptobranchus alleganiensis,Cryptobranchus,alleganiensis,NA,salamander,Aquatic,1/23/2024,TN,davidson,Interior Plateau,NA,Nashville Zoo,36.09,-86.74,0,metadata,Sherri Doro,,
UHM776_34448,21456,16S_amplicon,46,UHM_Hellbender_P1_CEC,H2,sample,sample,1,1,1,NA,UHM776,12017,DNA,cloacal swab,12/1/2023,NA,NA,NA,NA,NA,NA,NA,12017,UHM776,18ZB-67,18ZB,7367,3D6153439 4A46,NA,10/5/2018,M,129.1,27.9,NA,NA,0,,uhm,zoo,cloaca swab,dry,N,Cryptobranchus alleganiensis,Cryptobranchus,alleganiensis,NA,salamander,Aquatic,2/22/2023,TN,davidson,Interior Plateau,NA,Nashville Zoo,36.09,-86.74,0,metadata,Sherri Doro,,
UHM776_34470,21505,16S_amplicon,61,UHM_Hellbender_P1_CEC,F5,sample,sample,1,1,1,NA,UHM776,12018,DNA,cloacal swab,12/6/2023,NA,NA,NA,NA,NA,NA,NA,12018,UHM776,18ZB-67,18ZB,7367,3D6153439 4A46,NA,10/5/2018,M,132.1,29,0,NA,0,,uhm,zoo,cloaca swab,dry,N,Cryptobranchus alleganiensis,Cryptobranchus,alleganiensis,NA,salamander,Aquatic,5/1/2023,TN,davidson,Interior Plateau,NA,Nashville Zoo,36.09,-86.74,0,metadata,Sherri Doro,,
UHM776_34493,21862,16S_amplicon,39,UHM_Hellbender_P1_CEC,E8,sample,sample,1,1,1,NA,UHM776,12019,DNA,cloacal swab,12/12/2023,NA,NA,NA,NA,NA,NA,NA,12019,UHM776,18ZB-67,18ZB,7367,3D6153439 4A46,NA,10/5/2018,M,168.3,30.7,0,NA,0,,uhm,zoo,cloaca swab,dry,N,Cryptobranchus alleganiensis,Cryptobranchus,alleganiensis,NA,salamander,Aquatic,11/7/2023,TN,davidson,Interior Plateau,NA,Nashville Zoo,36.09,-86.74,0,metadata,Sherri Doro,,
UHM776_34548,34060,16S_amplicon,50,UHM_Hellbender_P2_CEC,D3,sample,sample,1,1,1,NA,UHM776,22943,DNA,cloacal swab,6/6/2024,NA,NA,NA,NA,NA,NA,NA,22943,UHM776,18ZB-67,18ZB,7367,3D6153439 4A46,NA,10/5/2018,M,180.4,32,NA,NA,1,11/21/2023,uhm,zoo,cloaca swab,dry,N,Cryptobranchus alleganiensis,Cryptobranchus,alleganiensis,NA,salamander,Aquatic,1/23/2024,TN,davidson,Interior Plateau,NA,Nashville Zoo,36.09,-86.74,0,metadata,Sherri Doro,,
UHM777_34450,21458,16S_amplicon,59,UHM_Hellbender_P1_CEC,B3,sample,sample,1,1,1,NA,UHM777,12020,DNA,cloacal swab,12/1/2023,NA,NA,NA,NA,NA,NA,NA,12020,UHM777,18ZB-77,18ZB,7377,3D6153439 5010,NA,10/5/2018,M,121.4,25.3,NA,NA,0,,uhm,zoo,cloaca swab,dry,N,Cryptobranchus alleganiensis,Cryptobranchus,alleganiensis,NA,salamander,Aquatic,2/22/2023,TN,davidson,Interior Plateau,NA,Nashville Zoo,36.09,-86.74,0,metadata,Sherri Doro,,
UHM777_34485,21521,16S_amplicon,51,UHM_Hellbender_P1_CEC,E7,sample,sample,1,1,1,NA,UHM777,12021,DNA,cloacal swab,12/8/2023,NA,NA,NA,NA,NA,NA,NA,12021,UHM777,18ZB-77,18ZB,7377,3D6153439 5010,NA,10/5/2018,M,131.4,24.5,0,NA,0,,uhm,zoo,cloaca swab,dry,N,Cryptobranchus alleganiensis,Cryptobranchus,alleganiensis,NA,salamander,Aquatic,5/1/2023,TN,davidson,Interior Plateau,NA,Nashville Zoo,36.09,-86.74,0,metadata,Sherri Doro,,
UHM777_34495,21864,16S_amplicon,48,UHM_Hellbender_P1_CEC,G8,sample,sample,1,1,1,NA,UHM777,12022,DNA,cloacal swab,12/12/2023,NA,NA,NA,NA,NA,NA,NA,12022,UHM777,18ZB-77,18ZB,7377,3D6153439 5010,NA,10/5/2018,M,148.3,26.5,0,NA,0,,uhm,zoo,cloaca swab,dry,N,Cryptobranchus alleganiensis,Cryptobranchus,alleganiensis,NA,salamander,Aquatic,11/7/2023,TN,davidson,Interior Plateau,NA,Nashville Zoo,36.09,-86.74,0,metadata,Sherri Doro,,
UHM777_34550,34062,16S_amplicon,53,UHM_Hellbender_P2_CEC,F3,sample,sample,1,1,1,NA,UHM777,22946,DNA,cloacal swab,6/6/2024,NA,NA,NA,NA,NA,NA,NA,22946,UHM777,18ZB-77,18ZB,7377,3D6153439 5010,NA,10/5/2018,M,152.1,27,NA,NA,1,12/19/2023,uhm,zoo,cloaca swab,dry,N,Cryptobranchus alleganiensis,Cryptobranchus,alleganiensis,NA,salamander,Aquatic,1/23/2024,TN,davidson,Interior Plateau,NA,Nashville Zoo,36.09,-86.74,0,metadata,Sherri Doro,,
UHM778_35807,35788,16S_amplicon,36,UHM_Hellbender_Partial_P3_CEC,C2,sample,sample,1,1,1,NA,UHM778,22951,DNA,cloacal swab,8/6/2024,NA,NA,NA,NA,NA,NA,NA,22951,UHM778,18ZB-59,18ZB,7359,3D6153439 5D95,NA,10/5/2018,M,170,28,1,NA,NA,,uhm,wild,cloaca swab,dry,N,Cryptobranchus alleganiensis,Cryptobranchus,alleganiensis,NA,salamander,Aquatic,7/31/2024,TN,lewis,Interior Plateau,NA,Shady Bluff,35.56,-87.4,0,metadata,Chloe Cummins,,
UHM778_36109,36104,16S_amplicon,39,UHM_Hellbender_Partial_P3_CEC,D3,sample,sample,1,1,1,NA,UHM778,12025,DNA,cloacal swab,8/8/2024,NA,NA,NA,NA,NA,NA,NA,12025,UHM778,18ZB-59,18ZB,7359,3D6153439 5D95,NA,10/5/2018,M,152.8,27.1,0,NA,1,8/16/2023,uhm,zoo,cloaca swab,dry,N,Cryptobranchus alleganiensis,Cryptobranchus,alleganiensis,NA,salamander,Aquatic,11/7/2023,TN,davidson,Interior Plateau,NA,Nashville Zoo,36.09,-86.74,0,metadata,Sherri Doro,,
UHM778_36110,36105,16S_amplicon,36,UHM_Hellbender_Partial_P3_CEC,E3,sample,sample,1,1,1,NA,UHM778,22949,DNA,cloacal swab,8/8/2024,NA,NA,NA,NA,NA,NA,NA,22949,UHM778,18ZB-59,18ZB,7359,3D6153439 5D95,NA,10/5/2018,M,162.7,29,NA,NA,1,12/19/2023,uhm,zoo,cloaca swab,dry,N,Cryptobranchus alleganiensis,Cryptobranchus,alleganiensis,NA,salamander,Aquatic,1/23/2024,TN,davidson,Interior Plateau,NA,Nashville Zoo,36.09,-86.74,0,metadata,Sherri Doro,,
UHM778_36111,36106,16S_amplicon,35,UHM_Hellbender_Partial_P3_CEC,F3,sample,sample,1,1,1,NA,UHM778,22950,DNA,cloacal swab,8/8/2024,NA,NA,NA,NA,NA,NA,NA,22950,UHM778,18ZB-59,18ZB,7359,3D6153439 5D95,NA,10/5/2018,M,189.6,29,1,NA,1,3/22/2024,uhm,zoo,cloaca swab,dry,N,Cryptobranchus alleganiensis,Cryptobranchus,alleganiensis,NA,salamander,Aquatic,4/23/2024,TN,davidson,Interior Plateau,NA,Nashville Zoo,36.09,-86.74,0,metadata,Pia Sandonato,,
UHM779_34435,20917,16S_amplicon,45,UHM_Hellbender_P1_CEC,C1,sample,sample,1,1,1,NA,UHM779,12026,DNA,cloacal swab,11/27/2023,NA,NA,NA,NA,NA,NA,NA,12026,UHM779,18ZB-44,18ZB,7344,3D504AA54E474,NA,10/5/2018,M,113.6,26.2,NA,NA,0,,uhm,zoo,cloaca swab,dry,N,Cryptobranchus alleganiensis,Cryptobranchus,alleganiensis,NA,salamander,Aquatic,2/22/2023,TN,davidson,Interior Plateau,NA,Nashville Zoo,36.09,-86.74,0,metadata,Sherri Doro,,
UHM779_34454,21462,16S_amplicon,60,UHM_Hellbender_P1_CEC,F3,sample,sample,1,1,1,NA,UHM779,12027,DNA,cloacal swab,12/1/2023,NA,NA,NA,NA,NA,NA,NA,12027,UHM779,18ZB-44,18ZB,7344,3D504AA54E474,NA,10/5/2018,M,127,27,0,NA,0,,uhm,zoo,cloaca swab,dry,N,Cryptobranchus alleganiensis,Cryptobranchus,alleganiensis,NA,salamander,Aquatic,5/1/2023,TN,davidson,Interior Plateau,NA,Nashville Zoo,36.09,-86.74,0,metadata,Sherri Doro,,
UHM779_34474,21510,16S_amplicon,42,UHM_Hellbender_P1_CEC,B6,sample,sample,1,1,1,NA,UHM779,12028,DNA,cloacal swab,12/8/2023,NA,NA,NA,NA,NA,NA,NA,12028,UHM779,18ZB-44,18ZB,7344,3D504AA54E474,NA,10/5/2018,M,163.7,27,0,NA,1,8/16/2023,uhm,zoo,cloaca swab,dry,N,Cryptobranchus alleganiensis,Cryptobranchus,alleganiensis,NA,salamander,Aquatic,11/7/2023,TN,davidson,Interior Plateau,NA,Nashville Zoo,36.09,-86.74,0,metadata,Sherri Doro,,
UHM779_34531,34042,16S_amplicon,53,UHM_Hellbender_P2_CEC,C1,sample,sample,1,1,1,NA,UHM779,22952,DNA,cloacal swab,6/5/2024,NA,NA,NA,NA,NA,NA,NA,22952,UHM779,18ZB-44,18ZB,7344,3D504AA54E474,NA,10/5/2018,M,172,31,NA,NA,1,11/21/2023,uhm,zoo,cloaca swab,dry,N,Cryptobranchus alleganiensis,Cryptobranchus,alleganiensis,NA,salamander,Aquatic,1/23/2024,TN,davidson,Interior Plateau,NA,Nashville Zoo,36.09,-86.74,0,metadata,Sherri Doro,,
UHM782_34446,21454,16S_amplicon,48,UHM_Hellbender_P1_CEC,F2,sample,sample,1,1,1,NA,UHM782,12035,DNA,cloacal swab,12/1/2023,NA,NA,NA,NA,NA,NA,NA,12035,UHM782,18ZB-47,18ZB,7347,3D6153439 6FBD,NA,10/5/2018,M,128.1,26.9,NA,NA,0,,uhm,zoo,cloaca swab,dry,N,Cryptobranchus alleganiensis,Cryptobranchus,alleganiensis,NA,salamander,Aquatic,2/22/2023,TN,davidson,Interior Plateau,NA,Nashville Zoo,36.09,-86.74,0,metadata,Sherri Doro,,
UHM782_34467,21502,16S_amplicon,42,UHM_Hellbender_P1_CEC,C5,sample,sample,1,1,1,NA,UHM782,12036,DNA,cloacal swab,12/6/2023,NA,NA,NA,NA,NA,NA,NA,12036,UHM782,18ZB-47,18ZB,7347,3D6153439 6FBD,NA,10/5/2018,M,138.1,26.5,0,NA,0,,uhm,zoo,cloaca swab,dry,N,Cryptobranchus alleganiensis,Cryptobranchus,alleganiensis,NA,salamander,Aquatic,5/1/2023,TN,davidson,Interior Plateau,NA,Nashville Zoo,36.09,-86.74,0,metadata,Sherri Doro,,
UHM782_34490,21859,16S_amplicon,38,UHM_Hellbender_P1_CEC,B8,sample,sample,1,1,1,NA,UHM782,12037,DNA,cloacal swab,12/12/2023,NA,NA,NA,NA,NA,NA,NA,12037,UHM782,18ZB-47,18ZB,7347,3D6153439 6FBD,NA,10/5/2018,M,144.3,28,0,NA,0,,uhm,zoo,cloaca swab,dry,N,Cryptobranchus alleganiensis,Cryptobranchus,alleganiensis,NA,salamander,Aquatic,11/7/2023,TN,davidson,Interior Plateau,NA,Nashville Zoo,36.09,-86.74,0,metadata,Sherri Doro,,
UHM782_34545,34057,16S_amplicon,47,UHM_Hellbender_P2_CEC,A3,sample,sample,1,1,1,NA,UHM782,22955,DNA,cloacal swab,6/6/2024,NA,NA,NA,NA,NA,NA,NA,22955,UHM782,18ZB-47,18ZB,7347,3D6153439 6FBD,NA,10/5/2018,M,166.3,30,NA,NA,1,11/21/2023,uhm,zoo,cloaca swab,dry,N,Cryptobranchus alleganiensis,Cryptobranchus,alleganiensis,NA,salamander,Aquatic,1/23/2024,TN,davidson,Interior Plateau,NA,Nashville Zoo,36.09,-86.74,0,metadata,Sherri Doro,,
UHM783_34468,21503,16S_amplicon,53,UHM_Hellbender_P1_CEC,D5,sample,sample,1,1,1,NA,UHM783,12039,DNA,cloacal swab,12/6/2023,NA,NA,NA,NA,NA,NA,NA,12039,UHM783,18ZB-50,18ZB,7350,3D6153439 66A6,NA,10/5/2018,M,138.6,27.5,0,NA,0,,uhm,zoo,cloaca swab,dry,N,Cryptobranchus alleganiensis,Cryptobranchus,alleganiensis,NA,salamander,Aquatic,5/1/2023,TN,davidson,Interior Plateau,NA,Nashville Zoo,36.09,-86.74,0,metadata,Sherri Doro,,
UHM783_34491,21860,16S_amplicon,39,UHM_Hellbender_P1_CEC,C8,sample,sample,1,1,1,NA,UHM783,12040,DNA,cloacal swab,12/12/2023,NA,NA,NA,NA,NA,NA,NA,12040,UHM783,18ZB-50,18ZB,7350,3D6153439 66A6,NA,10/5/2018,M,144.5,28.5,0,NA,0,,uhm,zoo,cloaca swab,dry,N,Cryptobranchus alleganiensis,Cryptobranchus,alleganiensis,NA,salamander,Aquatic,11/7/2023,TN,davidson,Interior Plateau,NA,Nashville Zoo,36.09,-86.74,0,metadata,Sherri Doro,,
UHM783_34500,21869,16S_amplicon,42,UHM_Hellbender_P1_CEC,D9,sample,sample,1,1,1,NA,UHM783,12038,DNA,cloacal swab,12/12/2023,NA,NA,NA,NA,NA,NA,NA,12038,UHM783,18ZB-50,18ZB,7350,3D6153439 66A6,NA,10/5/2018,M,128.6,27.1,NA,NA,0,,uhm,zoo,cloaca swab,glycerol,N,Cryptobranchus alleganiensis,Cryptobranchus,alleganiensis,NA,salamander,Aquatic,2/22/2023,TN,davidson,Interior Plateau,NA,Nashville Zoo,36.09,-86.74,0,metadata,Sherri Doro,,
UHM783_34546,34058,16S_amplicon,45,UHM_Hellbender_P2_CEC,B3,sample,sample,1,1,1,NA,UHM783,22958,DNA,cloacal swab,6/6/2024,NA,NA,NA,NA,NA,NA,NA,22958,UHM783,18ZB-50,18ZB,7350,3D6153439 66A6,NA,10/5/2018,M,160.5,28,NA,NA,1,11/21/2023,uhm,zoo,cloaca swab,dry,N,Cryptobranchus alleganiensis,Cryptobranchus,alleganiensis,NA,salamander,Aquatic,1/23/2024,TN,davidson,Interior Plateau,NA,Nashville Zoo,36.09,-86.74,0,metadata,Sherri Doro,,
UHM784_34483,21519,16S_amplicon,40,UHM_Hellbender_P1_CEC,C7,sample,sample,1,1,1,NA,UHM784,12043,DNA,cloacal swab,12/8/2023,NA,NA,NA,NA,NA,NA,NA,12043,UHM784,18ZB-72,18ZB,7372,3D6153439 3A8C,NA,10/5/2018,M,148.4,28,0,NA,1,8/16/2023,uhm,zoo,cloaca swab,dry,N,Cryptobranchus alleganiensis,Cryptobranchus,alleganiensis,NA,salamander,Aquatic,11/7/2023,TN,davidson,Interior Plateau,NA,Nashville Zoo,36.09,-86.74,0,metadata,Sherri Doro,,
UHM784_34499,21868,16S_amplicon,38,UHM_Hellbender_P1_CEC,C9,sample,sample,1,1,1,NA,UHM784,12041,DNA,cloacal swab,12/12/2023,NA,NA,NA,NA,NA,NA,NA,12041,UHM784,18ZB-72,18ZB,7372,3D6153439 3A8C,NA,10/5/2018,M,113.6,26.9,NA,NA,0,,uhm,zoo,cloaca swab,dry,N,Cryptobranchus alleganiensis,Cryptobranchus,alleganiensis,NA,salamander,Aquatic,2/22/2023,TN,davidson,Interior Plateau,NA,Nashville Zoo,36.09,-86.74,0,metadata,Sherri Doro,,
UHM784_34540,34051,16S_amplicon,59,UHM_Hellbender_P2_CEC,D2,sample,sample,1,1,1,NA,UHM784,22961,DNA,cloacal swab,6/5/2024,NA,NA,NA,NA,NA,NA,NA,22961,UHM784,18ZB-72,18ZB,7372,3D6153439 3A8C,NA,10/5/2018,M,156.8,29,NA,NA,1,11/21/2023,uhm,zoo,cloaca swab,dry,N,Cryptobranchus alleganiensis,Cryptobranchus,alleganiensis,NA,salamander,Aquatic,1/23/2024,TN,davidson,Interior Plateau,NA,Nashville Zoo,36.09,-86.74,0,metadata,Sherri Doro,,
UHM785_34513,21883,16S_amplicon,53,UHM_Hellbender_P1_CEC,A11,sample,sample,1,1,1,NA,UHM785,12046,DNA,cloacal swab,12/14/2023,NA,NA,NA,NA,NA,NA,NA,12046,UHM785,HNZ-38,HNZ,6588,3D9 279 4EB4332,NA,10/12/2015,F,608.6,57.7,0,NA,1,NA,uhm,zoo,cloaca swab,dry,N,Cryptobranchus alleganiensis,Cryptobranchus,alleganiensis,NA,salamander,Aquatic,11/7/2023,TN,davidson,Interior Plateau,NA,Nashville Zoo,36.09,-86.74,0,metadata,Sherri Doro,,
UHM785_34562,34075,16S_amplicon,43,UHM_Hellbender_P2_CEC,B5,sample,sample,1,1,1,NA,UHM785,22964,DNA,cloacal swab,6/14/2024,NA,NA,NA,NA,NA,NA,NA,22964,UHM785,HNZ-38,HNZ,6588,3D9 279 4EB4332,NA,10/12/2015,F,603,48,NA,NA,1,NA,uhm,zoo,cloaca swab,dry,N,Cryptobranchus alleganiensis,Cryptobranchus,alleganiensis,NA,salamander,Aquatic,1/23/2024,TN,davidson,Interior Plateau,NA,Nashville Zoo,36.09,-86.74,0,metadata,Sherri Doro,,
UHM786_34559,34072,16S_amplicon,52,UHM_Hellbender_P2_CEC,G4,sample,sample,1,1,1,NA,UHM786,22967,DNA,cloacal swab,6/14/2024,NA,NA,NA,NA,NA,NA,NA,22967,UHM786,HNZ-09,HNZ,6559,3D9 279 4EB25BB,NA,10/12/2015,F,439.1,42,NA,NA,1,NA,uhm,zoo,cloaca swab,dry,N,Cryptobranchus alleganiensis,Cryptobranchus,alleganiensis,NA,salamander,Aquatic,1/23/2024,TN,davidson,Interior Plateau,NA,Nashville Zoo,36.09,-86.74,0,metadata,Sherri Doro,,
UHM787_34510,21880,16S_amplicon,43,UHM_Hellbender_P1_CEC,F10,sample,sample,1,1,1,NA,UHM787,12052,DNA,cloacal swab,12/14/2023,NA,NA,NA,NA,NA,NA,NA,12052,UHM787,HNZ-37,HNZ,6587,3D9 279 4EAF386,NA,10/12/2015,F,565.6,49.4,0,NA,1,NA,uhm,zoo,cloaca swab,dry,N,Cryptobranchus alleganiensis,Cryptobranchus,alleganiensis,NA,salamander,Aquatic,11/7/2023,TN,davidson,Interior Plateau,NA,Nashville Zoo,36.09,-86.74,0,metadata,Sherri Doro,,
UHM787_34561,34074,16S_amplicon,39,UHM_Hellbender_P2_CEC,A5,sample,sample,1,1,1,NA,UHM787,22970,DNA,cloacal swab,6/14/2024,NA,NA,NA,NA,NA,NA,NA,22970,UHM787,HNZ-37,HNZ,6587,3D9 279 4EAF386,NA,10/12/2015,F,656.2,51,NA,NA,1,NA,uhm,zoo,cloaca swab,dry,N,Cryptobranchus alleganiensis,Cryptobranchus,alleganiensis,NA,salamander,Aquatic,1/23/2024,TN,davidson,Interior Plateau,NA,Nashville Zoo,36.09,-86.74,0,metadata,Sherri Doro,,
UHM788_34509,21879,16S_amplicon,70,UHM_Hellbender_P1_CEC,E10,sample,sample,1,1,1,NA,UHM788,12055,DNA,cloacal swab,12/14/2023,NA,NA,NA,NA,NA,NA,NA,12055,UHM788,HNZ-36,HNZ,6586,3D9 279 4E8C661,NA,10/12/2015,M,438.2,42,0,NA,1,NA,uhm,zoo,cloaca swab,dry,N,Cryptobranchus alleganiensis,Cryptobranchus,alleganiensis,NA,salamander,Aquatic,11/7/2023,TN,davidson,Interior Plateau,NA,Nashville Zoo,36.09,-86.74,0,metadata,Sherri Doro,,
UHM788_34564,34077,16S_amplicon,51,UHM_Hellbender_P2_CEC,D5,sample,sample,1,1,1,NA,UHM788,22973,DNA,cloacal swab,6/14/2024,NA,NA,NA,NA,NA,NA,NA,22973,UHM788,HNZ-36,HNZ,6586,3D9 279 4E8C661,NA,10/12/2015,M,465.3,42,NA,NA,1,12/19/2023,uhm,zoo,cloaca swab,dry,N,Cryptobranchus alleganiensis,Cryptobranchus,alleganiensis,NA,salamander,Aquatic,1/23/2024,TN,davidson,Interior Plateau,NA,Nashville Zoo,36.09,-86.74,0,metadata,Sherri Doro,,
UHM789_34526,34426,16S_amplicon,39,UHM_Hellbender_P1_CEC,F12,sample,sample,1,1,1,NA,UHM789,12056,DNA,cloacal swab,6/27/2024,NA,NA,NA,NA,NA,NA,NA,12056,UHM789,18ZB-16,18ZB,7316,3D6153439 5EFF,NA,10/5/2018,M,249.3,35.2,NA,NA,1,2/15/2023,uhm,zoo,cloaca swab,glycerol,N,Cryptobranchus alleganiensis,Cryptobranchus,alleganiensis,NA,salamander,Aquatic,2/21/2023,TN,davidson,Interior Plateau,NA,Nashville Zoo,36.09,-86.74,0,metadata,Sherri Doro,,
UHM789_34527,34427,16S_amplicon,50,UHM_Hellbender_P1_CEC,G12,sample,sample,1,1,1,NA,UHM789,12057,DNA,cloacal swab,6/27/2024,NA,NA,NA,NA,NA,NA,NA,12057,UHM789,18ZB-16,18ZB,7316,3D6153439 5EFF,NA,10/5/2018,M,274.6,34.1,0,NA,1,2/15/2023,uhm,zoo,cloaca swab,dry,N,Cryptobranchus alleganiensis,Cryptobranchus,alleganiensis,NA,salamander,Aquatic,5/1/2023,TN,davidson,Interior Plateau,NA,Nashville Zoo,36.09,-86.74,0,metadata,Sherri Doro,,
UHM789_34528,34428,16S_amplicon,46,UHM_Hellbender_P1_CEC,H12,sample,sample,1,1,1,NA,UHM789,12058,DNA,cloacal swab,6/27/2024,NA,NA,NA,NA,NA,NA,NA,12058,UHM789,18ZB-16,18ZB,7316,3D6153439 5EFF,NA,10/5/2018,M,343.6,38,0,NA,1,2/15/2023,uhm,zoo,cloaca swab,dry,N,Cryptobranchus alleganiensis,Cryptobranchus,alleganiensis,NA,salamander,Aquatic,11/7/2023,TN,davidson,Interior Plateau,NA,Nashville Zoo,36.09,-86.74,0,metadata,Sherri Doro,,
UHM790_34515,21885,16S_amplicon,36,UHM_Hellbender_P1_CEC,C11,sample,sample,1,1,1,NA,UHM790,12059,DNA,cloacal swab,12/14/2023,NA,NA,NA,NA,NA,NA,NA,12059,UHM790,18ZB-32,18ZB,7332,3D6153439 5DCA,NA,10/5/2018,F,224.8,34.4,NA,NA,1,2/15/2023,uhm,zoo,cloaca swab,glycerol,N,Cryptobranchus alleganiensis,Cryptobranchus,alleganiensis,NA,salamander,Aquatic,2/22/2023,TN,davidson,Interior Plateau,NA,Nashville Zoo,36.09,-86.74,0,metadata,Sherri Doro,,
UHM790_34521,21892,16S_amplicon,39,UHM_Hellbender_P1_CEC,A12,sample,sample,1,1,1,NA,UHM790,12060,DNA,cloacal swab,12/18/2023,NA,NA,NA,NA,NA,NA,NA,12060,UHM790,18ZB-32,18ZB,7332,3D6153439 5DCA,NA,10/5/2018,F,271.1,35.1,1,NA,1,2/15/2023,uhm,zoo,cloaca swab,dry,N,Cryptobranchus alleganiensis,Cryptobranchus,alleganiensis,NA,salamander,Aquatic,5/1/2023,TN,davidson,Interior Plateau,NA,Nashville Zoo,36.09,-86.74,0,metadata,Sherri Doro,,
UHM791_34501,21870,16S_amplicon,48,UHM_Hellbender_P1_CEC,E9,sample,sample,1,1,1,NA,UHM791,12062,DNA,cloacal swab,12/12/2023,NA,NA,NA,NA,NA,NA,NA,12062,UHM791,18ZB-15,18ZB,7315,3D504AA54E5AE,NA,10/5/2018,F,209.1,30.2,NA,NA,1,2/15/2023,uhm,zoo,cloaca swab,glycerol,N,Cryptobranchus alleganiensis,Cryptobranchus,alleganiensis,NA,salamander,Aquatic,2/21/2023,TN,davidson,Interior Plateau,NA,Nashville Zoo,36.09,-86.74,0,metadata,Sherri Doro,,
UHM791_34520,21891,16S_amplicon,54,UHM_Hellbender_P1_CEC,H11,sample,sample,1,1,1,NA,UHM791,12063,DNA,cloacal swab,12/18/2023,NA,NA,NA,NA,NA,NA,NA,12063,UHM791,18ZB-15,18ZB,7315,3D504AA54E5AE,NA,10/5/2018,F,231.6,33,1,NA,1,2/15/2023,uhm,zoo,cloaca swab,dry,N,Cryptobranchus alleganiensis,Cryptobranchus,alleganiensis,NA,salamander,Aquatic,5/1/2023,TN,davidson,Interior Plateau,NA,Nashville Zoo,36.09,-86.74,0,metadata,Sherri Doro,,
UHM792_34507,21877,16S_amplicon,48,UHM_Hellbender_P1_CEC,C10,sample,sample,1,1,1,NA,UHM792,12067,DNA,cloacal swab,12/14/2023,NA,NA,NA,NA,NA,NA,NA,12067,UHM792,JZB -05,JZB,6905,3D61533F4DD22,NA,10/4/2017,M,371.6,39.2,0,NA,1,NA,uhm,zoo,cloaca swab,dry,N,Cryptobranchus alleganiensis,Cryptobranchus,alleganiensis,NA,salamander,Aquatic,11/7/2023,TN,davidson,Interior Plateau,NA,Nashville Zoo,36.09,-86.74,0,metadata,Sherri Doro,,
UHM792_34553,34065,16S_amplicon,53,UHM_Hellbender_P2_CEC,A4,sample,sample,1,1,1,NA,UHM792,22979,DNA,cloacal swab,6/6/2024,NA,NA,NA,NA,NA,NA,NA,22979,UHM792,JZB -05,JZB,6905,3D61533F4DD22,NA,10/4/2017,M,489.4,41,NA,NA,1,NA,uhm,zoo,cloaca swab,dry,N,Cryptobranchus alleganiensis,Cryptobranchus,alleganiensis,NA,salamander,Aquatic,1/23/2024,TN,davidson,Interior Plateau,NA,Nashville Zoo,36.09,-86.74,0,metadata,Sherri Doro,,
UHM793_34508,21878,16S_amplicon,43,UHM_Hellbender_P1_CEC,D10,sample,sample,1,1,1,NA,UHM793,12070,DNA,cloacal swab,12/14/2023,NA,NA,NA,NA,NA,NA,NA,12070,UHM793,JZB -01,JZB,6901,3D61533F4DD7E,NA,10/4/2017,M,354.7,37,0,NA,1,NA,uhm,zoo,cloaca swab,dry,N,Cryptobranchus alleganiensis,Cryptobranchus,alleganiensis,NA,salamander,Aquatic,11/7/2023,TN,davidson,Interior Plateau,NA,Nashville Zoo,36.09,-86.74,0,metadata,Sherri Doro,,
UHM793_34556,34068,16S_amplicon,46,UHM_Hellbender_P2_CEC,D4,sample,sample,1,1,1,NA,UHM793,22982,DNA,cloacal swab,6/6/2024,NA,NA,NA,NA,NA,NA,NA,22982,UHM793,JZB -01,JZB,6901,3D61533F4DD7E,NA,10/4/2017,M,340.3,37,NA,NA,1,12/19/2023,uhm,zoo,cloaca swab,dry,N,Cryptobranchus alleganiensis,Cryptobranchus,alleganiensis,NA,salamander,Aquatic,1/23/2024,TN,davidson,Interior Plateau,NA,Nashville Zoo,36.09,-86.74,0,metadata,Sherri Doro,,
UHM794_34554,34066,16S_amplicon,42,UHM_Hellbender_P2_CEC,B4,sample,sample,1,1,1,NA,UHM794,22985,DNA,cloacal swab,6/6/2024,NA,NA,NA,NA,NA,NA,NA,22985,UHM794,JZB -21,JZB,6921,3D61533F4DD30,NA,10/4/2017,M,351.8,37,NA,NA,1,NA,uhm,zoo,cloaca swab,dry,N,Cryptobranchus alleganiensis,Cryptobranchus,alleganiensis,NA,salamander,Aquatic,1/23/2024,TN,davidson,Interior Plateau,NA,Nashville Zoo,36.09,-86.74,0,metadata,Sherri Doro,,
UHM795_34560,34073,16S_amplicon,54,UHM_Hellbender_P2_CEC,H4,sample,sample,1,1,1,NA,UHM795,22988,DNA,cloacal swab,6/14/2024,NA,NA,NA,NA,NA,NA,NA,22988,UHM795,HNZ-10,HNZ,6560,3D9 279 4EA79DB,NA,10/12/2015,M,343.2,36,NA,NA,1,NA,uhm,zoo,cloaca swab,dry,N,Cryptobranchus alleganiensis,Cryptobranchus,alleganiensis,NA,salamander,Aquatic,1/23/2024,TN,davidson,Interior Plateau,NA,Nashville Zoo,36.09,-86.74,0,metadata,Sherri Doro,,
UHM796_34504,21874,16S_amplicon,46,UHM_Hellbender_P1_CEC,H9,sample,sample,1,1,1,NA,UHM796,12079,DNA,cloacal swab,12/14/2023,NA,NA,NA,NA,NA,NA,NA,12079,UHM796,JZB -28,JZB,6928,3D61533F4DD2B,NA,10/4/2017,M,253.5,35,0,NA,1,NA,uhm,zoo,cloaca swab,dry,N,Cryptobranchus alleganiensis,Cryptobranchus,alleganiensis,NA,salamander,Aquatic,11/7/2023,TN,davidson,Interior Plateau,NA,Nashville Zoo,36.09,-86.74,0,metadata,Sherri Doro,,
UHM796_34557,34069,16S_amplicon,39,UHM_Hellbender_P2_CEC,E4,sample,sample,1,1,1,NA,UHM796,22991,DNA,cloacal swab,6/6/2024,NA,NA,NA,NA,NA,NA,NA,22991,UHM796,JZB -28,JZB,6928,3D61533F4DD2B,NA,10/4/2017,M,260.4,36,NA,NA,1,12/13/2023,uhm,zoo,cloaca swab,dry,N,Cryptobranchus alleganiensis,Cryptobranchus,alleganiensis,NA,salamander,Aquatic,1/23/2024,TN,davidson,Interior Plateau,NA,Nashville Zoo,36.09,-86.74,0,metadata,Sherri Doro,,
UHM797_34514,21884,16S_amplicon,51,UHM_Hellbender_P1_CEC,B11,sample,sample,1,1,1,NA,UHM797,12082,DNA,cloacal swab,12/14/2023,NA,NA,NA,NA,NA,NA,NA,12082,UHM797,HNZ-26,HNZ,6576,3D9 279 4F89968,NA,10/12/2015,M,241.5,33.4,0,NA,1,NA,uhm,zoo,cloaca swab,dry,N,Cryptobranchus alleganiensis,Cryptobranchus,alleganiensis,NA,salamander,Aquatic,11/7/2023,TN,davidson,Interior Plateau,NA,Nashville Zoo,36.09,-86.74,0,metadata,Sherri Doro,,
UHM797_34563,34076,16S_amplicon,49,UHM_Hellbender_P2_CEC,C5,sample,sample,1,1,1,NA,UHM797,22994,DNA,cloacal swab,6/14/2024,NA,NA,NA,NA,NA,NA,NA,22994,UHM797,HNZ-26,HNZ,6576,3D9 279 4F89968,NA,10/12/2015,M,253.7,35,NA,NA,1,12/19/2023,uhm,zoo,cloaca swab,dry,N,Cryptobranchus alleganiensis,Cryptobranchus,alleganiensis,NA,salamander,Aquatic,1/23/2024,TN,davidson,Interior Plateau,NA,Nashville Zoo,36.09,-86.74,0,metadata,Sherri Doro,,
UHM798_34505,21875,16S_amplicon,69,UHM_Hellbender_P1_CEC,A10,sample,sample,1,1,1,NA,UHM798,12085,DNA,cloacal swab,12/14/2023,NA,NA,NA,NA,NA,NA,NA,12085,UHM798,JZB -17,JZB,6917,3D61533F4DD7C,NA,10/4/2017,M,266.3,35.5,0,NA,1,NA,uhm,zoo,cloaca swab,dry,N,Cryptobranchus alleganiensis,Cryptobranchus,alleganiensis,NA,salamander,Aquatic,11/7/2023,TN,davidson,Interior Plateau,NA,Nashville Zoo,36.09,-86.74,0,metadata,Sherri Doro,,
UHM798_34558,34070,16S_amplicon,52,UHM_Hellbender_P2_CEC,F4,sample,sample,1,1,1,NA,UHM798,22997,DNA,cloacal swab,6/6/2024,NA,NA,NA,NA,NA,NA,NA,22997,UHM798,JZB -17,JZB,6917,3D61533F4DD7C,NA,10/4/2017,M,269.3,36,NA,NA,1,12/13/2023,uhm,zoo,cloaca swab,dry,N,Cryptobranchus alleganiensis,Cryptobranchus,alleganiensis,NA,salamander,Aquatic,1/23/2024,TN,davidson,Interior Plateau,NA,Nashville Zoo,36.09,-86.74,0,metadata,Sherri Doro,,
UHM805_34572,34085,16S_amplicon,49,UHM_Hellbender_P2_CEC,D6,sample,sample,1,1,1,NA,UHM805,12106,DNA,cloacal swab,6/14/2024,NA,NA,NA,NA,NA,NA,NA,12106,UHM805,18ZB-49,18ZB,7349,3D6153439 4AA4,NA,10/5/2018,F,211.2,32,NA,NA,1,12/19/2023,uhm,zoo,cloaca swab,dry,N,Cryptobranchus alleganiensis,Cryptobranchus,alleganiensis,NA,salamander,Aquatic,1/23/2024,TN,davidson,Interior Plateau,NA,Nashville Zoo,36.09,-86.74,0,metadata,Sherri Doro,,
UHM805_34616,34416,16S_amplicon,58,UHM_Hellbender_P2_CEC,H11,sample,sample,1,1,1,NA,UHM805,12105,DNA,cloacal swab,6/25/2024,NA,NA,NA,NA,NA,NA,NA,12105,UHM805,18ZB-49,18ZB,7349,3D6153439 4AA4,NA,10/5/2018,F,146.6,28,0,NA,0,,uhm,zoo,cloaca swab,dry,N,Cryptobranchus alleganiensis,Cryptobranchus,alleganiensis,NA,salamander,Aquatic,5/1/2023,TN,davidson,Interior Plateau,NA,Nashville Zoo,36.09,-86.74,0,metadata,Sherri Doro,,
UHM806_34480,21516,16S_amplicon,57,UHM_Hellbender_P1_CEC,H6,sample,sample,1,1,1,NA,UHM806,12109,DNA,cloacal swab,12/8/2023,NA,NA,NA,NA,NA,NA,NA,12109,UHM806,18ZB-65,18ZB,7365,3D6153439 5E7F,NA,10/5/2018,M,130.2,27.7,0,NA,1,8/16/2023,uhm,zoo,cloaca swab,dry,N,Cryptobranchus alleganiensis,Cryptobranchus,alleganiensis,NA,salamander,Aquatic,11/7/2023,TN,davidson,Interior Plateau,NA,Nashville Zoo,36.09,-86.74,0,metadata,Sherri Doro,,
UHM806_34497,21866,16S_amplicon,39,UHM_Hellbender_P1_CEC,A9,sample,sample,1,1,1,NA,UHM806,12107,DNA,cloacal swab,12/12/2023,NA,NA,NA,NA,NA,NA,NA,12107,UHM806,18ZB-65,18ZB,7365,3D6153439 5E7F,NA,10/5/2018,M,78.6,24.9,NA,NA,0,,uhm,zoo,cloaca swab,glycerol,N,Cryptobranchus alleganiensis,Cryptobranchus,alleganiensis,NA,salamander,Aquatic,2/22/2023,TN,davidson,Interior Plateau,NA,Nashville Zoo,36.09,-86.74,0,metadata,Sherri Doro,,
UHM806_34537,34048,16S_amplicon,49,UHM_Hellbender_P2_CEC,A2,sample,sample,1,1,1,NA,UHM806,23000,DNA,cloacal swab,6/5/2024,NA,NA,NA,NA,NA,NA,NA,23000,UHM806,18ZB-65,18ZB,7365,3D6153439 5E7F,NA,10/5/2018,M,147.4,28,NA,NA,1,11/21/2023,uhm,zoo,cloaca swab,dry,N,Cryptobranchus alleganiensis,Cryptobranchus,alleganiensis,NA,salamander,Aquatic,1/23/2024,TN,davidson,Interior Plateau,NA,Nashville Zoo,36.09,-86.74,0,metadata,Sherri Doro,,
UHM807_34481,21517,16S_amplicon,41,UHM_Hellbender_P1_CEC,A7,sample,sample,1,1,1,NA,UHM807,12112,DNA,cloacal swab,12/8/2023,NA,NA,NA,NA,NA,NA,NA,12112,UHM807,18ZB-66,18ZB,7366,3D504AA551F90,NA,10/5/2018,F,125,25.5,0,NA,1,8/16/2023,uhm,zoo,cloaca swab,dry,N,Cryptobranchus alleganiensis,Cryptobranchus,alleganiensis,NA,salamander,Aquatic,11/7/2023,TN,davidson,Interior Plateau,NA,Nashville Zoo,36.09,-86.74,0,metadata,Sherri Doro,,
UHM807_34498,21867,16S_amplicon,34,UHM_Hellbender_P1_CEC,B9,sample,sample,1,1,1,NA,UHM807,12110,DNA,cloacal swab,12/12/2023,NA,NA,NA,NA,NA,NA,NA,12110,UHM807,18ZB-66,18ZB,7366,3D504AA551F90,NA,10/5/2018,F,101.3,23.5,NA,NA,0,,uhm,zoo,cloaca swab,glycerol,N,Cryptobranchus alleganiensis,Cryptobranchus,alleganiensis,NA,salamander,Aquatic,2/22/2023,TN,davidson,Interior Plateau,NA,Nashville Zoo,36.09,-86.74,0,metadata,Sherri Doro,,
UHM807_34538,34049,16S_amplicon,48,UHM_Hellbender_P2_CEC,B2,sample,sample,1,1,1,NA,UHM807,23003,DNA,cloacal swab,6/5/2024,NA,NA,NA,NA,NA,NA,NA,23003,UHM807,18ZB-66,18ZB,7366,3D504AA551F90,NA,10/5/2018,F,154.2,27.5,NA,NA,1,11/21/2023,uhm,zoo,cloaca swab,dry,N,Cryptobranchus alleganiensis,Cryptobranchus,alleganiensis,NA,salamander,Aquatic,1/23/2024,TN,davidson,Interior Plateau,NA,Nashville Zoo,36.09,-86.74,0,metadata,Sherri Doro,,
UHM810_34439,20921,16S_amplicon,42,UHM_Hellbender_P1_CEC,G1,sample,sample,1,1,1,NA,UHM810,12119,DNA,cloacal swab,11/27/2023,NA,NA,NA,NA,NA,NA,NA,12119,UHM810,18ZB-60,18ZB,7360,3D6153439 6F14,NA,10/5/2018,M,130.1,26.5,NA,NA,0,,uhm,zoo,cloaca swab,dry,N,Cryptobranchus alleganiensis,Cryptobranchus,alleganiensis,NA,salamander,Aquatic,2/22/2023,TN,davidson,Interior Plateau,NA,Nashville Zoo,36.09,-86.74,0,metadata,Sherri Doro,,
UHM810_34458,21493,16S_amplicon,48,UHM_Hellbender_P1_CEC,B4,sample,sample,1,1,1,NA,UHM810,12120,DNA,cloacal swab,12/6/2023,NA,NA,NA,NA,NA,NA,NA,12120,UHM810,18ZB-60,18ZB,7360,3D6153439 6F14,NA,10/5/2018,M,161.5,28,0,NA,0,,uhm,zoo,cloaca swab,dry,N,Cryptobranchus alleganiensis,Cryptobranchus,alleganiensis,NA,salamander,Aquatic,5/1/2023,TN,davidson,Interior Plateau,NA,Nashville Zoo,36.09,-86.74,0,metadata,Sherri Doro,,
UHM810_34535,34046,16S_amplicon,43,UHM_Hellbender_P2_CEC,G1,sample,sample,1,1,1,NA,UHM810,23009,DNA,cloacal swab,6/5/2024,NA,NA,NA,NA,NA,NA,NA,23009,UHM810,18ZB-60,18ZB,7360,3D6153439 6F14,NA,10/5/2018,M,199.3,29,NA,NA,1,12/13/2023,uhm,zoo,cloaca swab,dry,N,Cryptobranchus alleganiensis,Cryptobranchus,alleganiensis,NA,salamander,Aquatic,1/23/2024,TN,davidson,Interior Plateau,NA,Nashville Zoo,36.09,-86.74,0,metadata,Sherri Doro,,
UHM811_34438,20920,16S_amplicon,47,UHM_Hellbender_P1_CEC,F1,sample,sample,1,1,1,NA,UHM811,12122,DNA,cloacal swab,11/27/2023,NA,NA,NA,NA,NA,NA,NA,12122,UHM811,18ZB-55,18ZB,7355,3D6153439 6D20,NA,10/5/2018,M,136.1,27,NA,NA,0,,uhm,zoo,cloaca swab,dry,N,Cryptobranchus alleganiensis,Cryptobranchus,alleganiensis,NA,salamander,Aquatic,2/22/2023,TN,davidson,Interior Plateau,NA,Nashville Zoo,36.09,-86.74,0,metadata,Sherri Doro,,
UHM811_34477,21513,16S_amplicon,52,UHM_Hellbender_P1_CEC,E6,sample,sample,1,1,1,NA,UHM811,12124,DNA,cloacal swab,12/8/2023,NA,NA,NA,NA,NA,NA,NA,12124,UHM811,18ZB-55,18ZB,7355,3D6153439 6D20,NA,10/5/2018,M,173.1,30,0,NA,1,8/16/2023,uhm,zoo,cloaca swab,dry,N,Cryptobranchus alleganiensis,Cryptobranchus,alleganiensis,NA,salamander,Aquatic,11/7/2023,TN,davidson,Interior Plateau,NA,Nashville Zoo,36.09,-86.74,0,metadata,Sherri Doro,,
UHM811_34534,34045,16S_amplicon,49,UHM_Hellbender_P2_CEC,F1,sample,sample,1,1,1,NA,UHM811,23012,DNA,cloacal swab,6/5/2024,NA,NA,NA,NA,NA,NA,NA,23012,UHM811,18ZB-55,18ZB,7355,3D6153439 6D20,NA,10/5/2018,M,221.9,32,NA,NA,1,12/19/2023,uhm,zoo,cloaca swab,dry,N,Cryptobranchus alleganiensis,Cryptobranchus,alleganiensis,NA,salamander,Aquatic,1/23/2024,TN,davidson,Interior Plateau,NA,Nashville Zoo,36.09,-86.74,0,metadata,Sherri Doro,,
UHM812_34525,34425,16S_amplicon,58,UHM_Hellbender_P1_CEC,E12,sample,sample,1,1,1,NA,UHM812,12126,DNA,cloacal swab,6/27/2024,NA,NA,NA,NA,NA,NA,NA,12126,UHM812,18ZB-49,18ZB,7349,3D6153439 4AA4,NA,10/5/2018,F,190.9,30.1,0,NA,1,8/16/2023,uhm,zoo,cloaca swab,dry,N,Cryptobranchus alleganiensis,Cryptobranchus,alleganiensis,NA,salamander,Aquatic,11/7/2023,TN,davidson,Interior Plateau,NA,Nashville Zoo,36.09,-86.74,0,metadata,Sherri Doro,"Animal also listed as UHM805, unsure which UHM # to proceed with",
UHM812_34608,34408,16S_amplicon,61,UHM_Hellbender_P2_CEC,H10,sample,sample,1,1,1,NA,UHM812,12125,DNA,cloacal swab,6/25/2024,NA,NA,NA,NA,NA,NA,NA,12125,UHM812,18ZB-49,18ZB,7349,3D6153439 4AA4,NA,10/5/2018,F,NA,NA,NA,NA,0,,uhm,zoo,cloaca swab,dry,N,Cryptobranchus alleganiensis,Cryptobranchus,alleganiensis,NA,salamander,Aquatic,2/22/2023,TN,davidson,Interior Plateau,NA,Nashville Zoo,36.09,-86.74,0,metadata,Sherri Doro,,
UHM813_34492,21861,16S_amplicon,52,UHM_Hellbender_P1_CEC,D8,sample,sample,1,1,1,NA,UHM813,12130,DNA,cloacal swab,12/12/2023,NA,NA,NA,NA,NA,NA,NA,12130,UHM813,18ZB-53,18ZB,7353,3D6153439 4A77,NA,10/5/2018,M,177.9,32,0,NA,0,,uhm,zoo,cloaca swab,dry,N,Cryptobranchus alleganiensis,Cryptobranchus,alleganiensis,NA,salamander,Aquatic,11/7/2023,TN,davidson,Interior Plateau,NA,Nashville Zoo,36.09,-86.74,0,metadata,Sherri Doro,,
UHM813_34547,34059,16S_amplicon,49,UHM_Hellbender_P2_CEC,C3,sample,sample,1,1,1,NA,UHM813,23015,DNA,cloacal swab,6/6/2024,NA,NA,NA,NA,NA,NA,NA,23015,UHM813,18ZB-53,18ZB,7353,3D6153439 4A77,NA,10/5/2018,M,216.1,33,NA,NA,1,11/21/2023,uhm,zoo,cloaca swab,dry,N,Cryptobranchus alleganiensis,Cryptobranchus,alleganiensis,NA,salamander,Aquatic,1/23/2024,TN,davidson,Interior Plateau,NA,Nashville Zoo,36.09,-86.74,0,metadata,Sherri Doro,,
UHM818_34436,20918,16S_amplicon,46,UHM_Hellbender_P1_CEC,D1,sample,sample,1,1,1,NA,UHM818,12143,DNA,cloacal swab,11/27/2023,NA,NA,NA,NA,NA,NA,NA,12143,UHM818,18ZB-45,18ZB,7345,3D6153439 5F46,NA,10/5/2018,M,96.4,24.8,NA,NA,0,,uhm,zoo,cloaca swab,dry,N,Cryptobranchus alleganiensis,Cryptobranchus,alleganiensis,NA,salamander,Aquatic,2/22/2023,TN,davidson,Interior Plateau,NA,Nashville Zoo,36.09,-86.74,0,metadata,Sherri Doro,,
UHM818_34455,21463,16S_amplicon,60,UHM_Hellbender_P1_CEC,G3,sample,sample,1,1,1,NA,UHM818,12144,DNA,cloacal swab,12/1/2023,NA,NA,NA,NA,NA,NA,NA,12144,UHM818,18ZB-45,18ZB,7345,3D6153439 5F46,NA,10/5/2018,M,111.8,25.5,0,NA,0,,uhm,zoo,cloaca swab,dry,N,Cryptobranchus alleganiensis,Cryptobranchus,alleganiensis,NA,salamander,Aquatic,5/1/2023,TN,davidson,Interior Plateau,NA,Nashville Zoo,36.09,-86.74,0,metadata,Sherri Doro,,
UHM818_34475,21511,16S_amplicon,33,UHM_Hellbender_P1_CEC,C6,sample,sample,1,1,1,NA,UHM818,12145,DNA,cloacal swab,12/8/2023,NA,NA,NA,NA,NA,NA,NA,12145,UHM818,18ZB-45,18ZB,7345,3D6153439 5F46,NA,10/5/2018,M,129.9,26.5,0,NA,1,8/16/2023,uhm,zoo,cloaca swab,dry,N,Cryptobranchus alleganiensis,Cryptobranchus,alleganiensis,NA,salamander,Aquatic,11/7/2023,TN,davidson,Interior Plateau,NA,Nashville Zoo,36.09,-86.74,0,metadata,Sherri Doro,,
UHM818_34532,34043,16S_amplicon,47,UHM_Hellbender_P2_CEC,D1,sample,sample,1,1,1,NA,UHM818,23018,DNA,cloacal swab,6/5/2024,NA,NA,NA,NA,NA,NA,NA,23018,UHM818,18ZB-45,18ZB,7345,3D6153439 5F46,NA,10/5/2018,M,144.4,28,NA,NA,1,11/21/2023,uhm,zoo,cloaca swab,dry,N,Cryptobranchus alleganiensis,Cryptobranchus,alleganiensis,NA,salamander,Aquatic,1/23/2024,TN,davidson,Interior Plateau,NA,Nashville Zoo,36.09,-86.74,0,metadata,Sherri Doro,,
UHM819_34536,34047,16S_amplicon,39,UHM_Hellbender_P2_CEC,H1,sample,sample,1,1,1,NA,UHM819,23021,DNA,cloacal swab,6/5/2024,NA,NA,NA,NA,NA,NA,NA,23021,UHM819,18ZB-63,18ZB,7363,3D6153439 6A35,NA,10/5/2018,M,107.2,26,NA,NA,1,11/21/2023,uhm,zoo,cloaca swab,dry,N,Cryptobranchus alleganiensis,Cryptobranchus,alleganiensis,NA,salamander,Aquatic,1/23/2024,TN,davidson,Interior Plateau,NA,Nashville Zoo,36.09,-86.74,0,metadata,Sherri Doro,,
UHM820_34437,20919,16S_amplicon,47,UHM_Hellbender_P1_CEC,E1,sample,sample,1,1,1,NA,UHM820,12149,DNA,cloacal swab,11/27/2023,NA,NA,NA,NA,NA,NA,NA,12149,UHM820,18ZB-46,18ZB,7346,3D6153439 4D66,NA,10/5/2018,M,95.5,24.7,NA,NA,0,,uhm,zoo,cloaca swab,dry,N,Cryptobranchus alleganiensis,Cryptobranchus,alleganiensis,NA,salamander,Aquatic,2/22/2023,TN,davidson,Interior Plateau,NA,Nashville Zoo,36.09,-86.74,0,metadata,Sherri Doro,,
UHM820_34476,21512,16S_amplicon,45,UHM_Hellbender_P1_CEC,D6,sample,sample,1,1,1,NA,UHM820,12151,DNA,cloacal swab,12/8/2023,NA,NA,NA,NA,NA,NA,NA,12151,UHM820,18ZB-46,18ZB,7346,3D6153439 4D66,NA,10/5/2018,M,118.1,27,0,NA,1,8/16/2023,uhm,zoo,cloaca swab,dry,N,Cryptobranchus alleganiensis,Cryptobranchus,alleganiensis,NA,salamander,Aquatic,11/7/2023,TN,davidson,Interior Plateau,NA,Nashville Zoo,36.09,-86.74,0,metadata,Sherri Doro,,
UHM820_34533,34044,16S_amplicon,52,UHM_Hellbender_P2_CEC,E1,sample,sample,1,1,1,NA,UHM820,23024,DNA,cloacal swab,6/5/2024,NA,NA,NA,NA,NA,NA,NA,23024,UHM820,18ZB-46,18ZB,7346,3D6153439 4D66,NA,10/5/2018,M,137.8,29,NA,NA,1,11/21/2023,uhm,zoo,cloaca swab,dry,N,Cryptobranchus alleganiensis,Cryptobranchus,alleganiensis,NA,salamander,Aquatic,1/23/2024,TN,davidson,Interior Plateau,NA,Nashville Zoo,36.09,-86.74,0,metadata,Sherri Doro,,
UHM827_34462,21497,16S_amplicon,70,UHM_Hellbender_P1_CEC,F4,sample,sample,1,1,1,NA,UHM827,12171,DNA,cloacal swab,12/6/2023,NA,NA,NA,NA,NA,NA,NA,12171,UHM827,18ZB-70,18ZB,7370,3D6153439 5B27,NA,10/5/2018,M,119.9,26,0,NA,0,,uhm,zoo,cloaca swab,dry,N,Cryptobranchus alleganiensis,Cryptobranchus,alleganiensis,NA,salamander,Aquatic,5/1/2023,TN,davidson,Interior Plateau,NA,Nashville Zoo,36.09,-86.74,0,metadata,Sherri Doro,,
UHM827_34482,21518,16S_amplicon,38,UHM_Hellbender_P1_CEC,B7,sample,sample,1,1,1,NA,UHM827,12172,DNA,cloacal swab,12/8/2023,NA,NA,NA,NA,NA,NA,NA,12172,UHM827,18ZB-70,18ZB,7370,3D6153439 5B27,NA,10/5/2018,M,162.4,27.5,0,NA,1,8/16/2023,uhm,zoo,cloaca swab,dry,N,Cryptobranchus alleganiensis,Cryptobranchus,alleganiensis,NA,salamander,Aquatic,11/7/2023,TN,davidson,Interior Plateau,NA,Nashville Zoo,36.09,-86.74,0,metadata,Sherri Doro,,
UHM827_34539,34050,16S_amplicon,55,UHM_Hellbender_P2_CEC,C2,sample,sample,1,1,1,NA,UHM827,23030,DNA,cloacal swab,6/5/2024,NA,NA,NA,NA,NA,NA,NA,23030,UHM827,18ZB-70,18ZB,7370,3D6153439 5B27,NA,10/5/2018,M,176.5,29,NA,NA,1,12/19/2023,uhm,zoo,cloaca swab,dry,N,Cryptobranchus alleganiensis,Cryptobranchus,alleganiensis,NA,salamander,Aquatic,1/23/2024,TN,davidson,Interior Plateau,NA,Nashville Zoo,36.09,-86.74,0,metadata,Sherri Doro,,
UHM829_34464,21499,16S_amplicon,52,UHM_Hellbender_P1_CEC,H4,sample,sample,1,1,1,NA,UHM829,12177,DNA,cloacal swab,12/6/2023,NA,NA,NA,NA,NA,NA,NA,12177,UHM829,18ZB-73,18ZB,7373,3D504AA54D774,NA,10/5/2018,M,144.6,26,0,NA,0,,uhm,zoo,cloaca swab,dry,N,Cryptobranchus alleganiensis,Cryptobranchus,alleganiensis,NA,salamander,Aquatic,5/1/2023,TN,davidson,Interior Plateau,NA,Nashville Zoo,36.09,-86.74,0,metadata,Sherri Doro,,
UHM829_34484,21520,16S_amplicon,44,UHM_Hellbender_P1_CEC,D7,sample,sample,1,1,1,NA,UHM829,12178,DNA,cloacal swab,12/8/2023,NA,NA,NA,NA,NA,NA,NA,12178,UHM829,18ZB-73,18ZB,7373,3D504AA54D774,NA,10/5/2018,M,173.5,28.8,0,NA,1,8/16/2023,uhm,zoo,cloaca swab,dry,N,Cryptobranchus alleganiensis,Cryptobranchus,alleganiensis,NA,salamander,Aquatic,11/7/2023,TN,davidson,Interior Plateau,NA,Nashville Zoo,36.09,-86.74,0,metadata,Sherri Doro,,
UHM829_34541,34052,16S_amplicon,40,UHM_Hellbender_P2_CEC,E2,sample,sample,1,1,1,NA,UHM829,23033,DNA,cloacal swab,6/5/2024,NA,NA,NA,NA,NA,NA,NA,23033,UHM829,18ZB-73,18ZB,7373,3D504AA54D774,NA,10/5/2018,M,209.7,30,NA,NA,1,12/19/2023,uhm,zoo,cloaca swab,dry,N,Cryptobranchus alleganiensis,Cryptobranchus,alleganiensis,NA,salamander,Aquatic,1/23/2024,TN,davidson,Interior Plateau,NA,Nashville Zoo,36.09,-86.74,0,metadata,Sherri Doro,,
UHM832_34449,21457,16S_amplicon,38,UHM_Hellbender_P1_CEC,A3,sample,sample,1,1,1,NA,UHM832,12185,DNA,cloacal swab,12/1/2023,NA,NA,NA,NA,NA,NA,NA,12185,UHM832,18ZB-75,18ZB,7375,3D6153439 5EFE,NA,10/5/2018,M,139.8,27.2,NA,NA,0,,uhm,zoo,cloaca swab,dry,N,Cryptobranchus alleganiensis,Cryptobranchus,alleganiensis,NA,salamander,Aquatic,2/22/2023,TN,davidson,Interior Plateau,NA,Nashville Zoo,36.09,-86.74,0,metadata,Sherri Doro,,
UHM832_34494,21863,16S_amplicon,54,UHM_Hellbender_P1_CEC,F8,sample,sample,1,1,1,NA,UHM832,12187,DNA,cloacal swab,12/12/2023,NA,NA,NA,NA,NA,NA,NA,12187,UHM832,18ZB-75,18ZB,7375,3D6153439 5EFE,NA,10/5/2018,M,185.6,30,0,NA,0,,uhm,zoo,cloaca swab,dry,N,Cryptobranchus alleganiensis,Cryptobranchus,alleganiensis,NA,salamander,Aquatic,11/7/2023,TN,davidson,Interior Plateau,NA,Nashville Zoo,36.09,-86.74,0,metadata,Sherri Doro,,
UHM832_34549,34061,16S_amplicon,53,UHM_Hellbender_P2_CEC,E3,sample,sample,1,1,1,NA,UHM832,20145,DNA,cloacal swab,6/6/2024,NA,NA,NA,NA,NA,NA,NA,20145,UHM832,18ZB-75,18ZB,7375,3D6153439 5EFE,NA,10/5/2018,M,182.8,31,NA,NA,1,11/21/2023,uhm,zoo,cloaca swab,dry,N,Cryptobranchus alleganiensis,Cryptobranchus,alleganiensis,NA,salamander,Aquatic,1/23/2024,TN,davidson,Interior Plateau,NA,Nashville Zoo,36.09,-86.74,0,metadata,Sherri Doro,,
UHM949_34574,34372,16S_amplicon,45,UHM_Hellbender_P2_CEC,F6,sample,sample,1,1,1,NA,UHM949,12787,DNA,cloacal swab,6/23/2024,NA,NA,NA,NA,NA,NA,NA,12787,UHM949,,,4226,,NA,,,668.1,30.1,NA,NA,NA,,uhm,zoo,cloaca swab,dry,N,Cryptobranchus alleganiensis,Cryptobranchus,alleganiensis,NA,salamander,Aquatic,4/30/2024,TN,hamilton,Ridge and Valley,NA,Chattanooga Zoo,35.04,-85.29,0,metadata,Chloe Cummins,,These are adults
UHM950_34575,34373,16S_amplicon,81,UHM_Hellbender_P2_CEC,G6,sample,sample,1,1,1,NA,UHM950,12790,DNA,cloacal swab,6/23/2024,NA,NA,NA,NA,NA,NA,NA,12790,UHM950,,,1052,,NA,,,807.15,33.2,NA,NA,NA,,uhm,zoo,cloaca swab,dry,N,Cryptobranchus alleganiensis,Cryptobranchus,alleganiensis,NA,salamander,Aquatic,4/30/2024,TN,hamilton,Ridge and Valley,NA,Chattanooga Zoo,35.04,-85.29,0,metadata,Chloe Cummins,,"*As a note, the zoo staff recorded the last 4 digits of each individual's chip/PIT tag to use as their zoo ID"
UHM951_34576,34374,16S_amplicon,81,UHM_Hellbender_P2_CEC,H6,sample,sample,1,1,1,NA,UHM951,12793,DNA,cloacal swab,6/23/2024,NA,NA,NA,NA,NA,NA,NA,12793,UHM951,,,3988,,NA,,,727.8,36.5,NA,NA,NA,,uhm,zoo,cloaca swab,dry,N,Cryptobranchus alleganiensis,Cryptobranchus,alleganiensis,NA,salamander,Aquatic,4/30/2024,TN,hamilton,Ridge and Valley,NA,Chattanooga Zoo,35.04,-85.29,0,metadata,Chloe Cummins,,
UHM952_34577,34375,16S_amplicon,61,UHM_Hellbender_P2_CEC,A7,sample,sample,1,1,1,NA,UHM952,12796,DNA,cloacal swab,6/23/2024,NA,NA,NA,NA,NA,NA,NA,12796,UHM952,,,2574,,NA,,,639.62,33.4,NA,NA,NA,,uhm,zoo,cloaca swab,dry,N,Cryptobranchus alleganiensis,Cryptobranchus,alleganiensis,NA,salamander,Aquatic,4/30/2024,TN,hamilton,Ridge and Valley,NA,Chattanooga Zoo,35.04,-85.29,0,metadata,Chloe Cummins,,
UHM953_34578,34376,16S_amplicon,68,UHM_Hellbender_P2_CEC,B7,sample,sample,1,1,1,NA,UHM953,12799,DNA,cloacal swab,6/23/2024,NA,NA,NA,NA,NA,NA,NA,12799,UHM953,,,7629,,NA,,,450.19,34.3,NA,NA,NA,,uhm,zoo,cloaca swab,dry,N,Cryptobranchus alleganiensis,Cryptobranchus,alleganiensis,NA,salamander,Aquatic,4/30/2024,TN,hamilton,Ridge and Valley,NA,Chattanooga Zoo,35.04,-85.29,0,metadata,Chloe Cummins,,
UHM954_34579,34377,16S_amplicon,81,UHM_Hellbender_P2_CEC,C7,sample,sample,1,1,1,NA,UHM954,12802,DNA,cloacal swab,6/23/2024,NA,NA,NA,NA,NA,NA,NA,12802,UHM954,,,2316,,NA,,,481.36,37.2,NA,NA,NA,,uhm,zoo,cloaca swab,dry,N,Cryptobranchus alleganiensis,Cryptobranchus,alleganiensis,NA,salamander,Aquatic,4/30/2024,TN,hamilton,Ridge and Valley,NA,Chattanooga Zoo,35.04,-85.29,0,metadata,Chloe Cummins,,
UHM955_34580,34378,16S_amplicon,47,UHM_Hellbender_P2_CEC,D7,sample,sample,1,1,1,NA,UHM955,12805,DNA,cloacal swab,6/23/2024,NA,NA,NA,NA,NA,NA,NA,12805,UHM955,,,4242,,NA,,,570.54,38.5,NA,NA,NA,,uhm,zoo,cloaca swab,dry,N,Cryptobranchus alleganiensis,Cryptobranchus,alleganiensis,NA,salamander,Aquatic,4/30/2024,TN,hamilton,Ridge and Valley,NA,Chattanooga Zoo,35.04,-85.29,0,metadata,Chloe Cummins,,
UHM956_34581,34379,16S_amplicon,71,UHM_Hellbender_P2_CEC,E7,sample,sample,1,1,1,NA,UHM956,12808,DNA,cloacal swab,6/23/2024,NA,NA,NA,NA,NA,NA,NA,12808,UHM956,,,4037,,NA,,,212.75,26,NA,NA,NA,,uhm,zoo,cloaca swab,dry,N,Cryptobranchus alleganiensis,Cryptobranchus,alleganiensis,NA,salamander,Aquatic,4/30/2024,TN,hamilton,Ridge and Valley,NA,Chattanooga Zoo,35.04,-85.29,0,metadata,Chloe Cummins,,These are sub-adults
UHM957_34582,34380,16S_amplicon,65,UHM_Hellbender_P2_CEC,F7,sample,sample,1,1,1,NA,UHM957,12811,DNA,cloacal swab,6/23/2024,NA,NA,NA,NA,NA,NA,NA,12811,UHM957,,,4038,,NA,,,219.77,27.3,NA,NA,NA,,uhm,zoo,cloaca swab,dry,N,Cryptobranchus alleganiensis,Cryptobranchus,alleganiensis,NA,salamander,Aquatic,4/30/2024,TN,hamilton,Ridge and Valley,NA,Chattanooga Zoo,35.04,-85.29,0,metadata,Chloe Cummins,,
UHM958_34583,34381,16S_amplicon,56,UHM_Hellbender_P2_CEC,G7,sample,sample,1,1,1,NA,UHM958,12814,DNA,cloacal swab,6/23/2024,NA,NA,NA,NA,NA,NA,NA,12814,UHM958,,,10014,,NA,,,365.92,36.8,NA,NA,NA,,uhm,zoo,cloaca swab,dry,N,Cryptobranchus alleganiensis,Cryptobranchus,alleganiensis,NA,salamander,Aquatic,4/30/2024,TN,hamilton,Ridge and Valley,NA,Chattanooga Zoo,35.04,-85.29,0,metadata,Chloe Cummins,,
UHM959_34584,34382,16S_amplicon,72,UHM_Hellbender_P2_CEC,H7,sample,sample,1,1,1,NA,UHM959,12817,DNA,cloacal swab,6/23/2024,NA,NA,NA,NA,NA,NA,NA,12817,UHM959,,,4036,,NA,,,218.53,28,NA,NA,NA,,uhm,zoo,cloaca swab,dry,N,Cryptobranchus alleganiensis,Cryptobranchus,alleganiensis,NA,salamander,Aquatic,4/30/2024,TN,hamilton,Ridge and Valley,NA,Chattanooga Zoo,35.04,-85.29,0,metadata,Chloe Cummins,,
UHM960_34585,34383,16S_amplicon,42,UHM_Hellbender_P2_CEC,A8,sample,sample,1,1,1,NA,UHM960,12820,DNA,cloacal swab,6/23/2024,NA,NA,NA,NA,NA,NA,NA,12820,UHM960,,,10013,,NA,,,251.05,31.3,NA,NA,NA,,uhm,zoo,cloaca swab,dry,N,Cryptobranchus alleganiensis,Cryptobranchus,alleganiensis,NA,salamander,Aquatic,4/30/2024,TN,hamilton,Ridge and Valley,NA,Chattanooga Zoo,35.04,-85.29,0,metadata,Chloe Cummins,,
UHM961_35798,35779,16S_amplicon,30,UHM_Hellbender_Partial_P3_CEC,B1,sample,sample,1,1,1,NA,UHM961,12823,DNA,environmental swab,8/6/2024,NA,NA,NA,NA,NA,NA,NA,12823,UHM961,,,NA,,NA,,,NA,NA,NA,NA,NA,,uhm,environmental,water,dry,N,Cryptobranchus alleganiensis,Cryptobranchus,alleganiensis,NA,salamander,Aquatic,5/2/2024,TN,polk,Blue Ridge Mountains,NA,Hiwassee River Picnic Area,35.22,-84.52,0,metadata,Chloe Cummins,,
UHM962_34586,34384,16S_amplicon,39,UHM_Hellbender_P2_CEC,B8,sample,sample,1,1,1,NA,UHM962,12826,DNA,cloacal swab,6/23/2024,NA,NA,NA,NA,NA,NA,NA,12826,UHM962,,,NA,,NA,,,NA,NA,NA,NA,NA,,uhm,wild,cloaca swab,dry,N,Cryptobranchus alleganiensis,Cryptobranchus,alleganiensis,NA,salamander,Aquatic,5/2/2024,TN,polk,Blue Ridge Mountains,NA,Hiwassee River Picnic Area,35.22,-84.52,0,metadata,Chloe Cummins,,
UHM963_34587,34385,16S_amplicon,47,UHM_Hellbender_P2_CEC,C8,sample,sample,1,1,1,NA,UHM963,12829,DNA,cloacal swab,6/23/2024,NA,NA,NA,NA,NA,NA,NA,12829,UHM963,,,NA,,NA,,,NA,20.4,NA,NA,NA,,uhm,wild,cloaca swab,dry,N,Cryptobranchus alleganiensis,Cryptobranchus,alleganiensis,NA,salamander,Aquatic,5/2/2024,TN,polk,Blue Ridge Mountains,NA,Hiwassee River Picnic Area,35.22,-84.52,0,metadata,Chloe Cummins,,
UHM964_34588,34386,16S_amplicon,50,UHM_Hellbender_P2_CEC,D8,sample,sample,1,1,1,NA,UHM964,12832,DNA,cloacal swab,6/23/2024,NA,NA,NA,NA,NA,NA,NA,12832,UHM964,,,NA,,NA,,,NA,29,NA,NA,NA,,uhm,wild,cloaca swab,dry,N,Cryptobranchus alleganiensis,Cryptobranchus,alleganiensis,NA,salamander,Aquatic,5/2/2024,TN,polk,Blue Ridge Mountains,NA,Hiwassee River Picnic Area,35.22,-84.52,0,metadata,Chloe Cummins,,
